N. PROG. INVENT.,TIPOLOGIA DI BENE,DENOMINAZIONE,DESCRIZIONE,INDIRIZZO,LOCALITA',FG,MAPPALE,SUB
315,PAA2 100 - Beni demaniali,via Togliatti - cimitero nuovo,alloggio custode,Togliatti  ,DESIO,52,114,1
316,PAA2 100 - Beni demaniali,via Togliatti - cimitero nuovo,box a servizio del custode,Togliatti  ,DESIO,52,114,2
317,PAA2 100 - Beni demaniali,via Rimembranze - cimitero,alloggio custode ,Rimembranze  ,DESIO,23,57,
318,PAA2 100 - Beni demaniali,via Rimembranze - cimitero,camera mortuaria e cappella votiva,Rimembranze  ,DESIO,23,4,
492,PAA2 100 - Beni demaniali,via Togliatti- cimitero ,nuovo cimitero colombari,Togliatti  ,DESIO,,,
493,PAA2 100 - Beni demaniali,via Togliatti- cimitero ,nuovo cimitero campi trentennali,Togliatti  ,DESIO,,,
494,PAA2 100 - Beni demaniali,via Rimembranze - cimitero,vecchio cimitero via rimembranze,Rimembranze  ,DESIO,,,
245,PAA2 300 - Terreni (patrimonio disponibile),"via Marx, 10 immobile",capannone polifunzionale,Marx Carlo 10 ,DESIO,22,328,2
1,PAA2 400 - Fabbricati (patrimonio indisponibile),ex sede centro tutela minori,,Arienti Pietro  ,DESIO,02,3,
2,PAA2 400 - Fabbricati (patrimonio indisponibile),Bene confiscato - Progetto Autonoma Mente,Bene confiscato - Progetto Autonoma Mente,Mulino Arese 31 ,DESIO,8,233,701
2,PAA2 400 - Fabbricati (patrimonio indisponibile),Bene confiscato - Progetto Autonoma Mente,Bene confiscato - Progetto Autonoma Mente,Mulino Arese 31 ,DESIO,8,233,
3,PAA2 400 - Fabbricati (patrimonio indisponibile),centro scolastico via Milano ,complesso scolastico palestra e scuola di musica via Milano,Milano  ,DESIO,10,146,
4,PAA2 400 - Fabbricati (patrimonio indisponibile),centro scolastico via Milano ,scuola media Pertini,Tolstoj  ,DESIO,10,147,
5,PAA2 400 - Fabbricati (patrimonio indisponibile),centro scolastico via Novara,scuola materna comunale,Novara  ,DESIO,10,204,
6,PAA2 400 - Fabbricati (patrimonio indisponibile),centro scolastico via Tolstoj ,scuola elementare,Tolstoj  ,DESIO,10,219,
7,PAA2 400 - Fabbricati (patrimonio indisponibile),immobile  via Novara,uffici amministrativi ASL,Novara  ,DESIO,10,67,
8,PAA2 400 - Fabbricati (patrimonio indisponibile),complesso scolastico via Dolomiti,scuole,Dolomiti  ,DESIO,20,115,
9,PAA2 400 - Fabbricati (patrimonio indisponibile),municipio ,sede municipale,Papa Giovanni Paolo II  ,DESIO,23,199,701
9,PAA2 400 - Fabbricati (patrimonio indisponibile),municipio ,sede municipale,Papa Giovanni Paolo II  ,DESIO,23,199,702
10,PAA2 400 - Fabbricati (patrimonio indisponibile),tribunale,,Galli Guido  ,DESIO,23,302,1
11,PAA2 400 - Fabbricati (patrimonio indisponibile),scuola elementare via Diaz,complesso scolastico con palestra,Diaz Armando  ,DESIO,24,65,
12,PAA2 400 - Fabbricati (patrimonio indisponibile),edificio di via M. Serao,piscina comunale,Serao Matilde  ,DESIO,34,10,
13,PAA2 400 - Fabbricati (patrimonio indisponibile),liceo di via Agnesi, aule e palestra,Agnesi Gaetana  ,DESIO,34,111,
14,PAA2 400 - Fabbricati (patrimonio indisponibile),palazzetto dello sport pala Desio,palazzetto dello sport spogliatoi,Agnesi Gaetana  ,DESIO,34,37,1
15,PAA2 400 - Fabbricati (patrimonio indisponibile),alloggio custode pala Desio,abitazione inserita nel palazzetto,Agnesi Gaetana  ,DESIO,34,37,2
16,PAA2 400 - Fabbricati (patrimonio indisponibile),centro sportivo via Serao,"palazziona con bar, spogliatoi e servizi, campi da tennis",Serao Matilde  ,DESIO,34,14,
17,PAA2 400 - Fabbricati (patrimonio indisponibile),complesso scolastico via Agnesi Stadio,scuola elementare e media con palestre,Stadio  ,DESIO,35,196,
18,PAA2 400 - Fabbricati (patrimonio indisponibile),palazzina  ex vigili urbani,,Gramsci  ,DESIO,38,1,
19,PAA2 400 - Fabbricati (patrimonio indisponibile),cappella inserita nel parco degli alpini,edificio ristrutturato cappella votiva,Pio XI 6 ,DESIO,38,137,
20,PAA2 400 - Fabbricati (patrimonio indisponibile),immobile corso Italia 66,sede uffici,Italia  ,DESIO,38,3,
21,PAA2 400 - Fabbricati (patrimonio indisponibile),immobile via Roggia Traversi,uffici e archivi,Traversi  ,DESIO,38,34,
22,PAA2 400 - Fabbricati (patrimonio indisponibile),scuola elemantare via Prati,complesso scolastico con palestra e alloggio custode,Prati  ,DESIO,38,355,501
23,PAA2 400 - Fabbricati (patrimonio indisponibile),palazzina centro aldo moro sede associazioni,sede di associazioni varie,Gramsci  ,DESIO,38,4,
24,PAA2 400 - Fabbricati (patrimonio indisponibile),centro Aldo Moro edificio ex Meroni,sede associazioni scopo sociale,Italia  ,DESIO,38,409,
25,PAA2 400 - Fabbricati (patrimonio indisponibile),monumento Pio XI,monumento con fontana,Conciliazione  ,DESIO,38,A,
26,PAA2 400 - Fabbricati (patrimonio indisponibile),villa Tittoni corpo centrale,edificio su tre piani con interrato,Lampugnani  ,DESIO,39,29,9
27,PAA2 400 - Fabbricati (patrimonio indisponibile),Cappella inserita nella Villa Tittoni,cappella privata,Lampugnani 1 ,DESIO,39,29,10
28,PAA2 400 - Fabbricati (patrimonio indisponibile),scuola media via Zanella (Rodari),complesso scolastico con aule auditorio e palestra,Zanella  ,DESIO,40,62,
29,PAA2 400 - Fabbricati (patrimonio indisponibile),magazzini comunali,magazzino operai ricovero materiali e attrezzi,Lampugnani 2 ,DESIO,39,29,6
29,PAA2 400 - Fabbricati (patrimonio indisponibile),edificio di via Olmetto 48,unità immobiliare posta in edificio a corte,Olmetto 48 ,DESIO,38,238,722
30,PAA2 400 - Fabbricati (patrimonio indisponibile),scuola elementare S. Apollinare,scuola  elementare in frazione S. Giorgio,Santa Apollinare  ,DESIO,43,111,
31,PAA2 400 - Fabbricati (patrimonio indisponibile),asilo nido via Adamello,asilo,Adamello  ,DESIO,51,335,
32,PAA2 400 - Fabbricati (patrimonio indisponibile),immobile - via Galeno,scuola professionale,Galeno  ,DESIO,51,41,
32,PAA2 400 - Fabbricati (patrimonio indisponibile),edificio di via Olmetto 48,unità immobiliare posta in edificio a corte,Olmetto 48 ,DESIO,38,238,725
33,PAA2 400 - Fabbricati (patrimonio indisponibile),ex caecere,alloggio del custode,Santa Liberata  ,DESIO,52,51,
34,PAA2 400 - Fabbricati (patrimonio indisponibile),caserma carabinieri,caserma,Nassirya Caduti di  ,DESIO,53,266,
35,PAA2 400 - Fabbricati (patrimonio indisponibile),pompa carburanti caserma CC,impianto distributore carburante,Nassirya Caduti di 2 ,DESIO,53,268,3
36,PAA2 400 - Fabbricati (patrimonio indisponibile),caserma CC alloggio PT S1,alloggio di servizio ,Nassirya Caduti di  ,DESIO,53,267,2
37,PAA2 400 - Fabbricati (patrimonio indisponibile),caserma CC alloggio PT S1,alloggio di servizio ,Nassirya Caduti di  ,DESIO,53,267,3
38,PAA2 400 - Fabbricati (patrimonio indisponibile),caserma CC alloggio sub 4 ,alloggio di servizio ,Nassirya Caduti di  ,DESIO,53,267,4
39,PAA2 400 - Fabbricati (patrimonio indisponibile),caserma CC alloggio P1 S1,alloggio di servizio ,Nassirya Caduti di  ,DESIO,53,267,5
40,PAA2 400 - Fabbricati (patrimonio indisponibile),caserma CC alloggio P1 S1,alloggio di servizio ,Nassirya Caduti di  ,DESIO,53,267,6
41,PAA2 400 - Fabbricati (patrimonio indisponibile),caserma CC alloggio P2  S1,alloggio di servizio ,Nassirya Caduti di  ,DESIO,53,267,8
42,PAA2 400 - Fabbricati (patrimonio indisponibile),caserma CC alloggio P1 S1,alloggio di servizio ,Nassirya Caduti di  ,DESIO,53,267,7
43,PAA2 400 - Fabbricati (patrimonio indisponibile),caserma CC alloggio P2 S1,alloggio di servizio ,Nassirya Caduti di  ,DESIO,53,267,9
44,PAA2 400 - Fabbricati (patrimonio indisponibile),caserma CC alloggio P2 S1,alloggio di servizio ,Nassirya Caduti di  ,DESIO,53,267,10
45,PAA2 400 - Fabbricati (patrimonio indisponibile),box auto palazzina CC,box a servizio palzzina alloggi,Nassirya Caduti di  ,DESIO,53,267,11
46,PAA2 400 - Fabbricati (patrimonio indisponibile),box auto palazzina  CC,box a servizio palzzina alloggi,Nassirya Caduti di  ,DESIO,53,267,12
47,PAA2 400 - Fabbricati (patrimonio indisponibile),box auto palazzina CC,box a servizio palzzina alloggi,Nassirya Caduti di  ,DESIO,53,267,13
48,PAA2 400 - Fabbricati (patrimonio indisponibile),box auto palazzina CC,box a servizio palzzina alloggi,Nassirya Caduti di  ,DESIO,53,267,14
49,PAA2 400 - Fabbricati (patrimonio indisponibile),box auto palazzina CC,box a servizio palzzina alloggi,Nassirya Caduti di  ,DESIO,53,267,15
50,PAA2 400 - Fabbricati (patrimonio indisponibile),box auto palazzina CC,box a servizio palzzina alloggi,Nassirya Caduti di  ,DESIO,53,267,17
51,PAA2 400 - Fabbricati (patrimonio indisponibile),box auto palazzina CC,box a servizio palzzina alloggi,Nassirya Caduti di  ,DESIO,53,267,16
52,PAA2 400 - Fabbricati (patrimonio indisponibile),box auto palazzina CC,box a servizio palzzina alloggi,Nassirya Caduti di  ,DESIO,53,267,18
53,PAA2 400 - Fabbricati (patrimonio indisponibile),box auto palazzina CC,box a servizio palzzina alloggi,Nassirya Caduti di  ,DESIO,53,267,19
54,PAA2 400 - Fabbricati (patrimonio indisponibile),via Matteotti 32,abitazione,Matteotti 32 ,DESIO,24,168,17
75,PAA2 400 - Fabbricati (patrimonio indisponibile),edificio ERP di via Paganini 10,cabina enel inserita del fabbricato ERP,Paganini 10 ,DESIO,50,202,14
76,PAA2 400 - Fabbricati (patrimonio indisponibile),edificio ERP di via Paganini 10,box auto,Paganini 10 ,DESIO,50,203,3
112,PAA2 400 - Fabbricati (patrimonio indisponibile),edificio ERP di via Paganini 10,box auto,Paganini 10 ,DESIO,50,203,4
126,PAA2 400 - Fabbricati (patrimonio indisponibile),edificio ERP di via Paganini 10,box auto,Paganini 10 ,DESIO,50,202,16
127,PAA2 400 - Fabbricati (patrimonio indisponibile),edificio ERP di via Paganini 10,box auto,Paganini 10 ,DESIO,50,202,17
128,PAA2 400 - Fabbricati (patrimonio indisponibile),edificio ERP di via Paganini 10,box auto,Paganini 10 ,DESIO,50,202,15
129,PAA2 400 - Fabbricati (patrimonio indisponibile),edificio ERP di via Paganini 10,box auto,Paganini 10 ,DESIO,50,203,1
130,PAA2 400 - Fabbricati (patrimonio indisponibile),edificio ERP di via Paganini 10,box auto,Paganini 10 ,DESIO,50,203,2
131,PAA2 400 - Fabbricati (patrimonio indisponibile),edificio ERP di via Paganini 10,box auto,Paganini 10 ,DESIO,50,203,5
132,PAA2 400 - Fabbricati (patrimonio indisponibile),edificio ERP di via Paganini 10,box auto,Paganini 10 ,DESIO,50,203,6
133,PAA2 400 - Fabbricati (patrimonio indisponibile),edificio ERP di via Pananini 10,abitazione ,Paganini 10 ,DESIO,50,202,2
134,PAA2 400 - Fabbricati (patrimonio indisponibile),edificio ERP di via Pananini 10,abitazione ,Paganini 10 ,DESIO,50,202,4
135,PAA2 400 - Fabbricati (patrimonio indisponibile),edificio ERP di via Pananini 10,abitazione ,Paganini 10 ,DESIO,50,202,5
136,PAA2 400 - Fabbricati (patrimonio indisponibile),edificio ERP di via Pananini 10,abitazione ,Paganini 10 ,DESIO,50,202,6
137,PAA2 400 - Fabbricati (patrimonio indisponibile),edificio ERP di via Pananini 10,abitazione ,Paganini 10 ,DESIO,50,202,7
138,PAA2 400 - Fabbricati (patrimonio indisponibile),edificio ERP di via Pananini 10,abitazione ,Paganini 10 ,DESIO,50,202,10
139,PAA2 400 - Fabbricati (patrimonio indisponibile),edificio ERP di via Pananini 10,abitazione ,Paganini 10 ,DESIO,50,202,8
140,PAA2 400 - Fabbricati (patrimonio indisponibile),edificio ERP di via Pananini 10,abitazione ,Paganini 10 ,DESIO,50,202,9
141,PAA2 400 - Fabbricati (patrimonio indisponibile),edificio ERP di via Pananini 10,abitazione ,Paganini 10 ,DESIO,50,202,12
142,PAA2 400 - Fabbricati (patrimonio indisponibile),edificio ERP di via Pananini 10,abitazione ,Paganini 10 ,DESIO,50,202,11
143,PAA2 400 - Fabbricati (patrimonio indisponibile),edificio ERP di via Pananini 10,abitazione ,Paganini 10 ,DESIO,50,202,13
144,PAA2 400 - Fabbricati (patrimonio indisponibile),edificio ERP di via Pananini 10,abitazione ,Paganini 10 ,DESIO,50,202,3
145,PAA2 400 - Fabbricati (patrimonio indisponibile),abitazione in villetta a schiera,abitazione ,Amendola  ,DESIO,22,69,703
146,PAA2 400 - Fabbricati (patrimonio indisponibile),abitazione in villetta a schiera,abitazione ,Amendola  ,DESIO,22,69,702
147,PAA2 400 - Fabbricati (patrimonio indisponibile),immobile ERP via Matteotti 59,locale di deposito,Matteotti 59 ,DESIO,37,10,18
148,PAA2 400 - Fabbricati (patrimonio indisponibile),immobile ERP via Matteotti 59,abitazione per anziani,Matteotti 59 ,DESIO,37,10,2
149,PAA2 400 - Fabbricati (patrimonio indisponibile),immobile ERP via Matteotti 59,abitazione per anziani,Matteotti 59 ,DESIO,37,10,3
150,PAA2 400 - Fabbricati (patrimonio indisponibile),immobile ERP via Matteotti 59,abitazione per anziani,Matteotti 59 ,DESIO,37,10,4
151,PAA2 400 - Fabbricati (patrimonio indisponibile),immobile ERP via Matteotti 59,abitazione per anziani,Matteotti 59 ,DESIO,37,10,5
152,PAA2 400 - Fabbricati (patrimonio indisponibile),immobile ERP via Matteotti 59,abitazione per anziani,Matteotti 59 ,DESIO,37,10,6
153,PAA2 400 - Fabbricati (patrimonio indisponibile),immobile ERP via Matteotti 59,abitazione per anziani,Matteotti 59 ,DESIO,37,10,7
154,PAA2 400 - Fabbricati (patrimonio indisponibile),immobile ERP via Matteotti 59,abitazione per anziani,Matteotti 59 ,DESIO,37,10,8
155,PAA2 400 - Fabbricati (patrimonio indisponibile),immobile ERP via Matteotti 59,abitazione per anziani,Matteotti 59 ,DESIO,37,10,9
156,PAA2 400 - Fabbricati (patrimonio indisponibile),immobile ERP via Matteotti 59,abitazione per anziani,Matteotti 59 ,DESIO,37,10,10
157,PAA2 400 - Fabbricati (patrimonio indisponibile),immobile ERP via Matteotti 59,abitazione per anziani,Matteotti 59 ,DESIO,37,10,11
158,PAA2 400 - Fabbricati (patrimonio indisponibile),immobile ERP via Matteotti 59,abitazione per anziani,Matteotti 59 ,DESIO,37,10,12
159,PAA2 400 - Fabbricati (patrimonio indisponibile),immobile ERP via Matteotti 59,abitazione per anziani,Matteotti 59 ,DESIO,37,10,16
160,PAA2 400 - Fabbricati (patrimonio indisponibile),immobile ERP via Matteotti 59,abitazione per anziani,Matteotti 59 ,DESIO,37,10,13
161,PAA2 400 - Fabbricati (patrimonio indisponibile),immobile ERP via Matteotti 59,abitazione per anziani,Matteotti 59 ,DESIO,37,10,14
162,PAA2 400 - Fabbricati (patrimonio indisponibile),immobile ERP via Matteotti 59,abitazione per anziani,Matteotti 59 ,DESIO,37,10,15
163,PAA2 400 - Fabbricati (patrimonio indisponibile),immobile ERP via Matteotti 59,abitazione per anziani,Matteotti 59 ,DESIO,37,10,17
164,PAA2 400 - Fabbricati (patrimonio indisponibile),"immobile ERP via Gioia, 21",abitazione inserita in un edificio a corte,Gioia Flavio 21 ,DESIO,37,556,701
165,PAA2 400 - Fabbricati (patrimonio indisponibile),"immobile ERP via Prati, 77",abitazione ,Prati 77 ,DESIO,54,15,6
167,PAA2 400 - Fabbricati (patrimonio indisponibile),"immobile ERP via Prati, 77",abitazione ,Prati 77 ,DESIO,54,15,11
168,PAA2 400 - Fabbricati (patrimonio indisponibile),"immobile ERP via Prati, 77",abitazione ,Prati 77 ,DESIO,54,15,12
169,PAA2 400 - Fabbricati (patrimonio indisponibile),"immobile ERP via Prati, 77",abitazione ,Prati 77 ,DESIO,54,15,13
170,PAA2 400 - Fabbricati (patrimonio indisponibile),"immobile ERP via Prati, 77",abitazione ,Prati 77 ,DESIO,54,15,14
171,PAA2 400 - Fabbricati (patrimonio indisponibile),"immobile ERP via Prati, 77",abitazione ,Prati 77 ,DESIO,54,15,15
172,PAA2 400 - Fabbricati (patrimonio indisponibile),"immobile ERP via Prati, 77 ",abitazione ,Prati 77 ,DESIO,54,15,19
173,PAA2 400 - Fabbricati (patrimonio indisponibile),via Volta 37/a edificio ERP,box auto,Volta Alessandro 37 A,DESIO,25,369,30
174,PAA2 400 - Fabbricati (patrimonio indisponibile),via Volta 37/a edificio ERP,box auto,Volta Alessandro 37 A,DESIO,25,369,31
175,PAA2 400 - Fabbricati (patrimonio indisponibile),via Volta 37/a edificio ERP,box auto,Volta Alessandro 37 A,DESIO,25,369,32
176,PAA2 400 - Fabbricati (patrimonio indisponibile),via Volta 37/a edificio ERP,box auto,Volta Alessandro 37 A,DESIO,25,369,33
177,PAA2 400 - Fabbricati (patrimonio indisponibile),via Volta 37/a edificio ERP,box auto,Volta Alessandro 37 A,DESIO,25,369,34
178,PAA2 400 - Fabbricati (patrimonio indisponibile),via Volta 37/a edificio ERP,box auto,Volta Alessandro 37 A,DESIO,25,369,35
179,PAA2 400 - Fabbricati (patrimonio indisponibile),via Volta 37/a edificio ERP,box auto,Volta Alessandro 37 A,DESIO,25,370,14
180,PAA2 400 - Fabbricati (patrimonio indisponibile),via Volta 37/a edificio ERP,box auto,Volta Alessandro 37 A,DESIO,25,370,15
181,PAA2 400 - Fabbricati (patrimonio indisponibile),via Volta 37/a edificio ERP,box auto,Volta Alessandro 37 A,DESIO,25,370,16
182,PAA2 400 - Fabbricati (patrimonio indisponibile),via Volta 37/a edificio ERP,box auto,Volta Alessandro 37 A,DESIO,25,370,17
183,PAA2 400 - Fabbricati (patrimonio indisponibile),via Volta 37/a edificio ERP,box auto,Volta Alessandro 37 A,DESIO,25,370,18
184,PAA2 400 - Fabbricati (patrimonio indisponibile),via Volta 37/a edificio ERP,box auto,Volta Alessandro 37 A,DESIO,25,369,36
185,PAA2 400 - Fabbricati (patrimonio indisponibile),via Volta 37/a immobile ERP,abitazione,Volta Alessandro 37 A,DESIO,25,370,2
186,PAA2 400 - Fabbricati (patrimonio indisponibile),via Volta 37/a immobile ERP,abitazione,Volta Alessandro 37 A,DESIO,25,370,3
187,PAA2 400 - Fabbricati (patrimonio indisponibile),via Volta 37/a immobile ERP,abitazione,Volta Alessandro 37 A,DESIO,25,370,4
188,PAA2 400 - Fabbricati (patrimonio indisponibile),via Volta 37/a immobile ERP,abitazione,Volta Alessandro 37 A,DESIO,25,370,5
189,PAA2 400 - Fabbricati (patrimonio indisponibile),via Volta 37/a immobile ERP,abitazione,Volta Alessandro 37 A,DESIO,25,370,6
190,PAA2 400 - Fabbricati (patrimonio indisponibile),via Volta 37/a immobile ERP,abitazione,Volta Alessandro 37 A,DESIO,25,370,7
191,PAA2 400 - Fabbricati (patrimonio indisponibile),via Volta 37/a immobile ERP,abitazione,Volta Alessandro 37 A,DESIO,25,370,10
192,PAA2 400 - Fabbricati (patrimonio indisponibile),via Volta 37/a immobile ERP,abitazione,Volta Alessandro 37 A,DESIO,25,370,8
193,PAA2 400 - Fabbricati (patrimonio indisponibile),via Volta 37/a immobile ERP,abitazione,Volta Alessandro 37 A,DESIO,25,370,9
194,PAA2 400 - Fabbricati (patrimonio indisponibile),via Volta 37/a immobile ERP,abitazione,Volta Alessandro 37 A,DESIO,25,370,11
195,PAA2 400 - Fabbricati (patrimonio indisponibile),via Volta 37/a immobile ERP,abitazione,Volta Alessandro 37 A,DESIO,25,370,12
196,PAA2 400 - Fabbricati (patrimonio indisponibile),via Volta 37/a immobile ERP,abitazione,Volta Alessandro 37 A,DESIO,25,370,13
199,PAA2 400 - Fabbricati (patrimonio indisponibile),via Mons. Cattaneo 17 abitazioni ERP,abitazione,Mons. Cattaneo 17 ,DESIO,24,163,1
200,PAA2 400 - Fabbricati (patrimonio indisponibile),via Mons. Cattaneo 17 abitazioni ERP,abitazione,Mons. Cattaneo 17 ,DESIO,24,163,2
201,PAA2 400 - Fabbricati (patrimonio indisponibile),via Mons. Cattaneo 17 abitazioni ERP,abitazione,Mons. Cattaneo 17 ,DESIO,24,163,3
202,PAA2 400 - Fabbricati (patrimonio indisponibile),via Mons. Cattaneo 17 abitazioni ERP,abitazione,Mons. Cattaneo 17 ,DESIO,24,163,4
203,PAA2 400 - Fabbricati (patrimonio indisponibile),via Mons. Cattaneo 17 abitazioni ERP,abitazione,Mons. Cattaneo 17 ,DESIO,24,163,5
204,PAA2 400 - Fabbricati (patrimonio indisponibile),via Mons. Cattaneo 17 abitazioni ERP,abitazione,Mons. Cattaneo 17 ,DESIO,24,163,6
205,PAA2 400 - Fabbricati (patrimonio indisponibile),via Mons. Cattaneo 17 abitazioni ERP,abitazione,Mons. Cattaneo 17 ,DESIO,24,163,7
206,PAA2 400 - Fabbricati (patrimonio indisponibile),via Mons. Cattaneo 17 abitazioni ERP,abitazione,Mons. Cattaneo 17 ,DESIO,24,163,9
207,PAA2 400 - Fabbricati (patrimonio indisponibile),via Mons. Cattaneo 17 abitazioni ERP,abitazione,Mons. Cattaneo 17 ,DESIO,24,163,8
208,PAA2 400 - Fabbricati (patrimonio indisponibile),via Mons. Cattaneo 17 abitazioni ERP,abitazione,Mons. Cattaneo 17 ,DESIO,24,163,12
209,PAA2 400 - Fabbricati (patrimonio indisponibile),via Mons. Cattaneo 17 abitazioni ERP,abitazione,Mons. Cattaneo 17 ,DESIO,24,163,11
210,PAA2 400 - Fabbricati (patrimonio indisponibile),via Mons. Cattaneo 17 abitazioni ERP,abitazione,Mons. Cattaneo 17 ,DESIO,24,163,14
211,PAA2 400 - Fabbricati (patrimonio indisponibile),via Mons. Cattaneo 17 abitazioni ERP,abitazione,Mons. Cattaneo 17 ,DESIO,24,163,15
225,PAA2 400 - Fabbricati (patrimonio indisponibile),Via Rosselli 4 edificio ERP,abitazione,Rosselli 4 ,DESIO,22,70,708
226,PAA2 400 - Fabbricati (patrimonio indisponibile),Via Rosselli 4 edificio ERP,abitazione,Rosselli 4 ,DESIO,22,70,709
227,PAA2 400 - Fabbricati (patrimonio indisponibile),Via Rosselli 4 edificio ERP,abitazione,Rosselli 4 ,DESIO,22,70,710
229,PAA2 400 - Fabbricati (patrimonio indisponibile),Via Rosselli 4 edificio ERP,abitazione,Rosselli 4 ,DESIO,22,70,711
230,PAA2 400 - Fabbricati (patrimonio indisponibile),Via Rosselli 4 edificio ERP,abitazione,Rosselli 4 ,DESIO,22,70,712
231,PAA2 400 - Fabbricati (patrimonio indisponibile),Via Rosselli 4 edificio ERP,abitazione,Rosselli 4 ,DESIO,22,70,727
232,PAA2 400 - Fabbricati (patrimonio indisponibile),Via Rosselli 4 edificio ERP,abitazione,Rosselli 4 ,DESIO,22,70,730
233,PAA2 400 - Fabbricati (patrimonio indisponibile),Via Rosselli 4 edificio ERP,abitazione,Rosselli 4 ,DESIO,22,70,736
235,PAA2 400 - Fabbricati (patrimonio indisponibile),Via Rosselli 4 edificio ERP,abitazione,Rosselli 4 ,DESIO,22,70,737
236,PAA2 400 - Fabbricati (patrimonio indisponibile),Via Rosselli 4 edificio ERP,abitazione,Rosselli 4 ,DESIO,22,70,738
237,PAA2 400 - Fabbricati (patrimonio indisponibile),Via Rosselli 4 edificio ERP,abitazione,Rosselli 4 ,DESIO,22,70,731
238,PAA2 400 - Fabbricati (patrimonio indisponibile),Via Rosselli 4 edificio ERP,abitazione,Rosselli 4 ,DESIO,22,70,732
240,PAA2 400 - Fabbricati (patrimonio indisponibile),Via Rosselli 4 edificio ERP,abitazione,Rosselli 4 ,DESIO,22,70,734
241,PAA2 400 - Fabbricati (patrimonio indisponibile),Via Rosselli 4 edificio ERP,abitazione,Rosselli 4 ,DESIO,22,70,739
242,PAA2 400 - Fabbricati (patrimonio indisponibile),Via Rosselli 4 edificio ERP,abitazione,Rosselli 4 ,DESIO,22,70,740
243,PAA2 400 - Fabbricati (patrimonio indisponibile),Via Rosselli 4 edificio ERP,abitazione,Rosselli 4 ,DESIO,22,70,741
244,PAA2 400 - Fabbricati (patrimonio indisponibile),Via Rosselli 4 edificio ERP,abitazione,Rosselli 4 ,DESIO,22,70,733
245,PAA2 400 - Fabbricati (patrimonio indisponibile),"via Pallavicini, 25 edificio ERP",abitazione,Pallavicini 25 ,DESIO,22,70,701
246,PAA2 400 - Fabbricati (patrimonio indisponibile),"via Pallavicini, 25 edificio ERP",abitazione,Pallavicini 25 ,DESIO,22,70,702
247,PAA2 400 - Fabbricati (patrimonio indisponibile),"via Pallavicini, 25 edificio ERP",abitazione,Pallavicini 25 ,DESIO,22,70,703
249,PAA2 400 - Fabbricati (patrimonio indisponibile),"via Pallavicini, 25 edifici ERP",abitazione,Pallavicini 25 ,DESIO,22,70,704
250,PAA2 400 - Fabbricati (patrimonio indisponibile),"via Pallavicini, 25 edifici ERP",abitazione,Pallavicini 25 ,DESIO,22,70,705
251,PAA2 400 - Fabbricati (patrimonio indisponibile),"via Pallavicini, 25 edifici ERP",abitazione,Pallavicini 25 ,DESIO,22,70,725
252,PAA2 400 - Fabbricati (patrimonio indisponibile),"via Pallavicini, 25 edifici ERP",abitazione,Pallavicini 25 ,DESIO,22,70,707
253,PAA2 400 - Fabbricati (patrimonio indisponibile),"via Pallavicini, 25 edifici ERP",abitazione,Pallavicini 25 ,DESIO,22,70,714
254,PAA2 400 - Fabbricati (patrimonio indisponibile),"via Pallavicini, 25 edifici ERP",abitazione,Pallavicini 25 ,DESIO,22,70,715
255,PAA2 400 - Fabbricati (patrimonio indisponibile),"via Pallavicini, 25 edifici ERP",abitazione,Pallavicini 25 ,DESIO,22,70,719
256,PAA2 400 - Fabbricati (patrimonio indisponibile),"via Pallavicini, 25 edifici ERP",abitazione,Pallavicini 25 ,DESIO,22,70,721
257,PAA2 400 - Fabbricati (patrimonio indisponibile),"via Pallavicini, 25 edifici ERP",abitazione,Pallavicini 25 ,DESIO,22,70,720
258,PAA2 400 - Fabbricati (patrimonio indisponibile),"via Pallavicini, 25 edifici ERP",abitazione,Pallavicini 25 ,DESIO,22,70,722
259,PAA2 400 - Fabbricati (patrimonio indisponibile),"via Pallavicini, 25 edifici ERP",abitazione,Pallavicini 25 ,DESIO,22,70,716
260,PAA2 400 - Fabbricati (patrimonio indisponibile),"via Pallavicini, 25 edifici ERP",abitazione,Pallavicini 25 ,DESIO,22,70,718
261,PAA2 400 - Fabbricati (patrimonio indisponibile),"via Pallavicini, 25 edifici ERP",abitazione,Pallavicini 25 ,DESIO,22,70,723
262,PAA2 400 - Fabbricati (patrimonio indisponibile),"via Pallavicini, 25 edifici ERP",abitazione,Pallavicini 25 ,DESIO,22,70,724
266,PAA2 400 - Fabbricati (patrimonio indisponibile),via Rosselli 4 box auto,box auto,Rosselli 4 ,DESIO,22,254,702
267,PAA2 400 - Fabbricati (patrimonio indisponibile),via Rosselli 4 box auto,box auto,Rosselli 4 ,DESIO,22,254,703
268,PAA2 400 - Fabbricati (patrimonio indisponibile),via Rosselli 4 box auto,box auto,Rosselli 4 ,DESIO,22,254,704
269,PAA2 400 - Fabbricati (patrimonio indisponibile),via Rosselli 4 box auto,box auto,Rosselli 4 ,DESIO,22,254,705
270,PAA2 400 - Fabbricati (patrimonio indisponibile),via Rosselli 4 box auto,box auto,Rosselli 4 ,DESIO,22,254,706
271,PAA2 400 - Fabbricati (patrimonio indisponibile),via Rosselli 4 box auto,box auto,Rosselli 4 ,DESIO,22,254,707
272,PAA2 400 - Fabbricati (patrimonio indisponibile),via Rosselli 4 box auto,box auto,Rosselli 4 ,DESIO,22,254,701
273,PAA2 400 - Fabbricati (patrimonio indisponibile),via Rosselli 4 box auto,box auto,Rosselli 4 ,DESIO,22,254,708
274,PAA2 400 - Fabbricati (patrimonio indisponibile),via Rosselli 4 box auto,box auto,Rosselli 4 ,DESIO,22,254,709
276,PAA2 400 - Fabbricati (patrimonio indisponibile),"via Pallavicini, 25 box auto",box auto,Pallavicini 25 ,DESIO,22,254,713
277,PAA2 400 - Fabbricati (patrimonio indisponibile),"via Pallavicini, 25  box auto",box auto,Pallavicini 25 ,DESIO,22,254,712
278,PAA2 400 - Fabbricati (patrimonio indisponibile),"via Pallavicini, 25 box auto",box auto,Pallavicini 25 ,DESIO,22,254,715
279,PAA2 400 - Fabbricati (patrimonio indisponibile),"via Pallavicini, 25  box auto",box auto,Pallavicini 25 ,DESIO,22,254,716
280,PAA2 400 - Fabbricati (patrimonio indisponibile),"via Pallavicini, 25  box auto",box auto,Pallavicini 25 ,DESIO,22,254,717
281,PAA2 400 - Fabbricati (patrimonio indisponibile),"via Pallavicini, 25  box auto",box auto,Pallavicini 25 ,DESIO,22,254,718
283,PAA2 400 - Fabbricati (patrimonio indisponibile),via Colombo 27 29 31 edificio ERP,abitazione,Colombo  ,DESIO,24,53,701
284,PAA2 400 - Fabbricati (patrimonio indisponibile),via Colombo 27 29 31 edificio ERP,abitazione,Colombo  ,DESIO,24,53,702
285,PAA2 400 - Fabbricati (patrimonio indisponibile),via Colombo 27 29 31 edificio ERP,abitazione,Colombo  ,DESIO,24,53,703
286,PAA2 400 - Fabbricati (patrimonio indisponibile),via Colombo 27 29 31 edificio ERP,abitazione,Colombo  ,DESIO,24,53,704
288,PAA2 400 - Fabbricati (patrimonio indisponibile),via Colombo 27 29 31 edificio ERP,abitazione,Colombo  ,DESIO,24,53,705
289,PAA2 400 - Fabbricati (patrimonio indisponibile),via Colombo 27 29 31 edificio ERP,abitazione,Colombo  ,DESIO,24,53,707
290,PAA2 400 - Fabbricati (patrimonio indisponibile),via Colombo 27 29 31 edificio ERP,abitazione,Colombo  ,DESIO,24,53,706
292,PAA2 400 - Fabbricati (patrimonio indisponibile),via Colombo 27 29 31 edificio ERP,abitazione,Colombo  ,DESIO,24,53,708
294,PAA2 400 - Fabbricati (patrimonio indisponibile),via Colombo 27 29 31 edificio ERP,abitazione,Colombo  ,DESIO,24,53,709
295,PAA2 400 - Fabbricati (patrimonio indisponibile),via Colombo 27 29 31 edificio ERP,abitazione,Colombo  ,DESIO,24,53,710
296,PAA2 400 - Fabbricati (patrimonio indisponibile),via Colombo 27 29 31 edificio ERP,abitazione,Colombo  ,DESIO,24,53,711
297,PAA2 400 - Fabbricati (patrimonio indisponibile),via Colombo 27 29 31 edificio ERP,abitazione,Colombo  ,DESIO,24,53,712
298,PAA2 400 - Fabbricati (patrimonio indisponibile),via Colombo 27 29 31 edificio ERP,abitazione,Colombo  ,DESIO,24,53,713
299,PAA2 400 - Fabbricati (patrimonio indisponibile),via Colombo 27 29 31 edificio ERP,abitazione,Colombo  ,DESIO,24,53,714
300,PAA2 400 - Fabbricati (patrimonio indisponibile),via Colombo 27 29 31 edificio ERP,abitazione,Colombo  ,DESIO,24,53,715
301,PAA2 400 - Fabbricati (patrimonio indisponibile),via Colombo 27 29 31 edificio ERP,abitazione,Colombo  ,DESIO,24,53,716
302,PAA2 400 - Fabbricati (patrimonio indisponibile),via Colombo 27 29 31 edificio ERP,abitazione,Colombo  ,DESIO,24,53,720
303,PAA2 400 - Fabbricati (patrimonio indisponibile),via Colombo 27 29 31 edificio ERP,abitazione,Colombo  ,DESIO,24,53,718
304,PAA2 400 - Fabbricati (patrimonio indisponibile),via Colombo 27 29 31 edificio ERP,abitazione,Colombo  ,DESIO,24,53,719
305,PAA2 400 - Fabbricati (patrimonio indisponibile),via Colombo 27 29 31 edificio ERP,abitazione,Colombo  ,DESIO,24,53,721
306,PAA2 400 - Fabbricati (patrimonio indisponibile),via Colombo 27 29 31 edificio ERP,abitazione,Colombo  ,DESIO,24,53,717
307,PAA2 400 - Fabbricati (patrimonio indisponibile),via Colombo 27 29 31 edificio ERP,abitazione,Colombo  ,DESIO,24,53,722
308,PAA2 400 - Fabbricati (patrimonio indisponibile),via Colombo 27 29 31 edificio ERP,abitazione,Colombo  ,DESIO,24,53,723
309,PAA2 400 - Fabbricati (patrimonio indisponibile),via Colombo 27 29 31 edificio ERP,abitazione,Colombo  ,DESIO,24,53,724
310,PAA2 400 - Fabbricati (patrimonio indisponibile),via Colombo 27 29 31 edificio ERP,abitazione,Colombo  ,DESIO,24,53,725
311,PAA2 400 - Fabbricati (patrimonio indisponibile),via Colombo 27 29 31 edificio ERP,abitazione,Colombo  ,DESIO,24,53,726
312,PAA2 400 - Fabbricati (patrimonio indisponibile),via Colombo 27 29 31 edificio ERP,abitazione,Colombo  ,DESIO,24,53,727
313,PAA2 400 - Fabbricati (patrimonio indisponibile),via Colombo 27 29 31 edificio ERP,abitazione,Colombo  ,DESIO,24,53,728
314,PAA2 400 - Fabbricati (patrimonio indisponibile),via Colombo 27 29 31 edificio ERP,abitazione,Colombo  ,DESIO,24,53,729
315,PAA2 400 - Fabbricati (patrimonio indisponibile),via Colombo 27 29 31 edificio ERP,abitazione,Colombo  ,DESIO,24,53,730
317,PAA2 400 - Fabbricati (patrimonio indisponibile),via Fiume 1 - 3 edificio ERP,abitazione,Fiume  ,DESIO,24,92,701
318,PAA2 400 - Fabbricati (patrimonio indisponibile),via Fiume 1 - 3 edificio ERP,abitazione,Fiume  ,DESIO,24,92,703
319,PAA2 400 - Fabbricati (patrimonio indisponibile),via Fiume 1 - 3 edificio ERP,abitazione,Fiume  ,DESIO,24,92,704
320,PAA2 400 - Fabbricati (patrimonio indisponibile),via Fiume 1 - 3 edificio ERP,abitazione,Fiume  ,DESIO,24,92,705
321,PAA2 400 - Fabbricati (patrimonio indisponibile),via Fiume 1 - 3 edificio ERP,abitazione,Fiume  ,DESIO,24,92,706
322,PAA2 400 - Fabbricati (patrimonio indisponibile),via Fiume 1 - 3 edificio ERP,abitazione,Fiume  ,DESIO,24,92,708
323,PAA2 400 - Fabbricati (patrimonio indisponibile),via Fiume 1 - 3 edificio ERP,abitazione,Fiume  ,DESIO,24,92,709
324,PAA2 400 - Fabbricati (patrimonio indisponibile),via Fiume 1 - 3 edificio ERP,abitazione,Fiume  ,DESIO,24,92,707
325,PAA2 400 - Fabbricati (patrimonio indisponibile),via Fiume 1 - 3 edificio ERP,abitazione,Fiume  ,DESIO,24,92,710
326,PAA2 400 - Fabbricati (patrimonio indisponibile),via Fiume 1 - 3 edificio ERP,abitazione,Fiume  ,DESIO,24,92,711
327,PAA2 400 - Fabbricati (patrimonio indisponibile),via Fiume 1 - 3 edificio ERP,abitazione,Fiume  ,DESIO,24,92,712
328,PAA2 400 - Fabbricati (patrimonio indisponibile),via Fiume 1 - 3 edificio ERP,abitazione,Fiume  ,DESIO,24,92,713
329,PAA2 400 - Fabbricati (patrimonio indisponibile),via Fiume 1 - 3 edificio ERP,abitazione,Fiume  ,DESIO,24,92,716
330,PAA2 400 - Fabbricati (patrimonio indisponibile),via Fiume 1 - 3 edificio ERP,abitazione,Fiume  ,DESIO,24,92,717
331,PAA2 400 - Fabbricati (patrimonio indisponibile),via Fiume 1 - 3 edificio ERP,abitazione,Fiume  ,DESIO,24,92,714
332,PAA2 400 - Fabbricati (patrimonio indisponibile),via Fiume 1 - 3 edificio ERP,abitazione,Fiume  ,DESIO,24,92,715
333,PAA2 400 - Fabbricati (patrimonio indisponibile),via Fiume 1 - 3 edificio ERP,abitazione,Fiume  ,DESIO,24,92,718
334,PAA2 400 - Fabbricati (patrimonio indisponibile),via Fiume 1 - 3 edificio ERP,abitazione,Fiume  ,DESIO,24,92,719
335,PAA2 400 - Fabbricati (patrimonio indisponibile),via Fiume 1 - 3 edificio ERP,abitazione,Fiume  ,DESIO,24,92,720
336,PAA2 400 - Fabbricati (patrimonio indisponibile),via Fiume 1 - 3 edificio ERP,abitazione,Fiume  ,DESIO,24,92,721
337,PAA2 400 - Fabbricati (patrimonio indisponibile),via Fiume 1 - 3 edificio ERP,abitazione,Fiume  ,DESIO,24,92,723
338,PAA2 400 - Fabbricati (patrimonio indisponibile),via Fiume 1 - 3 edificio ERP,abitazione,Fiume  ,DESIO,24,92,724
339,PAA2 400 - Fabbricati (patrimonio indisponibile),via Fiume 1 - 3 edificio ERP,abitazione,Fiume  ,DESIO,24,92,725
340,PAA2 400 - Fabbricati (patrimonio indisponibile),via Fiume 1 - 3 edificio ERP,abitazione,Fiume  ,DESIO,24,92,726
341,PAA2 400 - Fabbricati (patrimonio indisponibile),via Fiume 1 - 3 edificio ERP,abitazione,Fiume  ,DESIO,24,92,722
354,PAA2 400 - Fabbricati (patrimonio indisponibile),via Bovisio 9 abitazione ERP,abitazione,Bovisio 9 ,DESIO,35,18,701
355,PAA2 400 - Fabbricati (patrimonio indisponibile),via Bovisio 9 abitazione ERP,abitazione,Bovisio 9 ,DESIO,35,18,702
356,PAA2 400 - Fabbricati (patrimonio indisponibile),via Bovisio 9 abitazione ERP,abitazione,Bovisio 9 ,DESIO,35,18,703
357,PAA2 400 - Fabbricati (patrimonio indisponibile),via Bovisio 9 abitazione ERP,abitazione,Bovisio 9 ,DESIO,35,18,704
358,PAA2 400 - Fabbricati (patrimonio indisponibile),via Bovisio 9 abitazione ERP,abitazione,Bovisio 9 ,DESIO,35,18,705
359,PAA2 400 - Fabbricati (patrimonio indisponibile),via Bovisio 9 abitazione ERP,abitazione,Bovisio 9 ,DESIO,35,18,706
360,PAA2 400 - Fabbricati (patrimonio indisponibile),via Bovisio 9 abitazione ERP,abitazione,Bovisio 9 ,DESIO,35,18,707
361,PAA2 400 - Fabbricati (patrimonio indisponibile),via Bovisio 9 abitazione ERP,abitazione,Bovisio 9 ,DESIO,35,18,708
362,PAA2 400 - Fabbricati (patrimonio indisponibile),via Bovisio 9 abitazione ERP,abitazione,Bovisio 9 ,DESIO,35,18,710
363,PAA2 400 - Fabbricati (patrimonio indisponibile),via Bovisio 9 abitazione ERP,abitazione,Bovisio 9 ,DESIO,35,18,709
364,PAA2 400 - Fabbricati (patrimonio indisponibile),via Bovisio 9 abitazione ERP,abitazione,Bovisio 9 ,DESIO,35,18,712
365,PAA2 400 - Fabbricati (patrimonio indisponibile),via Bovisio 9 abitazione ERP,abitazione,Bovisio 9 ,DESIO,35,18,711
366,PAA2 400 - Fabbricati (patrimonio indisponibile),via Bovisio 9 abitazione ERP,abitazione,Bovisio 9 ,DESIO,35,18,713
367,PAA2 400 - Fabbricati (patrimonio indisponibile),via Bovisio 9 abitazione ERP,abitazione,Bovisio 9 ,DESIO,35,18,714
368,PAA2 400 - Fabbricati (patrimonio indisponibile),via Bovisio 9 abitazione ERP,abitazione,Bovisio 9 ,DESIO,35,18,715
369,PAA2 400 - Fabbricati (patrimonio indisponibile),via Bovisio 9 abitazione ERP,abitazione,Bovisio 9 ,DESIO,35,18,716
370,PAA2 400 - Fabbricati (patrimonio indisponibile),via Bovisio 9 abitazione ERP,abitazione,Bovisio 9 ,DESIO,35,18,717
371,PAA2 400 - Fabbricati (patrimonio indisponibile),via Bovisio 9 abitazione ERP,abitazione,Bovisio 9 ,DESIO,35,18,718
372,PAA2 400 - Fabbricati (patrimonio indisponibile),via Bovisio 9 abitazione ERP,abitazione,Bovisio 9 ,DESIO,35,18,719
373,PAA2 400 - Fabbricati (patrimonio indisponibile),via Bovisio 9 box auto,box auto,Bovisio 9 ,DESIO,35,17,714
374,PAA2 400 - Fabbricati (patrimonio indisponibile),via Bovisio 9 box auto,box auto,Bovisio 9 ,DESIO,35,17,715
375,PAA2 400 - Fabbricati (patrimonio indisponibile),via Bovisio 9 box auto,box auto,Bovisio 9 ,DESIO,35,17,701
376,PAA2 400 - Fabbricati (patrimonio indisponibile),via Bovisio 9 box auto,box auto,Bovisio 9 ,DESIO,35,17,702
377,PAA2 400 - Fabbricati (patrimonio indisponibile),via Bovisio 9 box auto,box auto,Bovisio 9 ,DESIO,35,17,703
378,PAA2 400 - Fabbricati (patrimonio indisponibile),via Bovisio 9 box auto,box auto,Bovisio 9 ,DESIO,35,17,704
379,PAA2 400 - Fabbricati (patrimonio indisponibile),via Bovisio 9 box auto,box auto,Bovisio 9 ,DESIO,35,17,705
380,PAA2 400 - Fabbricati (patrimonio indisponibile),via Bovisio 9 box auto,box auto,Bovisio 9 ,DESIO,35,17,706
381,PAA2 400 - Fabbricati (patrimonio indisponibile),via Bovisio 9 box auto,box auto,Bovisio 9 ,DESIO,35,17,707
382,PAA2 400 - Fabbricati (patrimonio indisponibile),via Bovisio 9 box auto,box auto,Bovisio 9 ,DESIO,35,17,708
383,PAA2 400 - Fabbricati (patrimonio indisponibile),via Bovisio 9 box auto,box auto,Bovisio 9 ,DESIO,35,17,709
384,PAA2 400 - Fabbricati (patrimonio indisponibile),via Bovisio 9 box auto,box auto,Bovisio 9 ,DESIO,35,17,710
385,PAA2 400 - Fabbricati (patrimonio indisponibile),via Bovisio 9 box auto,box auto,Bovisio 9 ,DESIO,35,17,711
386,PAA2 400 - Fabbricati (patrimonio indisponibile),via Bovisio 9 box auto,box auto,Bovisio 9 ,DESIO,35,17,712
387,PAA2 400 - Fabbricati (patrimonio indisponibile),via Bovisio 9 box auto,box auto,Bovisio 9 ,DESIO,35,17,713
404,PAA2 400 - Fabbricati (patrimonio indisponibile),via Solaro 2 box auto,box auto,Solaro 2 ,DESIO,22,225,20
405,PAA2 400 - Fabbricati (patrimonio indisponibile),via Solaro 2 box auto,box auto,Solaro 2 ,DESIO,22,225,27
406,PAA2 400 - Fabbricati (patrimonio indisponibile),via Solaro 2 box auto,box auto,Solaro 2 ,DESIO,22,225,28
407,PAA2 400 - Fabbricati (patrimonio indisponibile),via Solaro 2 box auto,box auto,Solaro 2 ,DESIO,22,225,29
408,PAA2 400 - Fabbricati (patrimonio indisponibile),via Solaro 2 box auto,box auto,Solaro 2 ,DESIO,22,225,31
409,PAA2 400 - Fabbricati (patrimonio indisponibile),via Solaro 2 box auto,box auto,Solaro 2 ,DESIO,22,225,32
410,PAA2 400 - Fabbricati (patrimonio indisponibile),via Solaro 2 abitazione,abitazione,Solaro 2 ,DESIO,22,225,1
411,PAA2 400 - Fabbricati (patrimonio indisponibile),via Solaro 2 abitazione,abitazione,Solaro 2 ,DESIO,22,225,5
412,PAA2 400 - Fabbricati (patrimonio indisponibile),via Solaro 2 abitazione,abitazione,Solaro 2 ,DESIO,22,225,6
413,PAA2 400 - Fabbricati (patrimonio indisponibile),via Solaro 2 abitazione,abitazione,Solaro 2 ,DESIO,22,225,8
414,PAA2 400 - Fabbricati (patrimonio indisponibile),via Solaro 2 abitazione,abitazione,Solaro 2 ,DESIO,22,225,11
415,PAA2 400 - Fabbricati (patrimonio indisponibile),via Solaro 2 abitazione,abitazione,Solaro 2 ,DESIO,22,225,12
416,PAA2 400 - Fabbricati (patrimonio indisponibile),via Solaro 2 abitazione,abitazione,Solaro 2 ,DESIO,22,225,13
417,PAA2 400 - Fabbricati (patrimonio indisponibile),via Solaro 2 abitazione,abitazione,Solaro 2 ,DESIO,22,225,17
418,PAA2 400 - Fabbricati (patrimonio indisponibile),via Solaro 5b box auto,box auto,Solaro 5 B,DESIO,22,236,1
419,PAA2 400 - Fabbricati (patrimonio indisponibile),via Solaro 5b box auto,box auto,Solaro 5 B,DESIO,22,236,2
420,PAA2 400 - Fabbricati (patrimonio indisponibile),via Solaro 5b box auto,box auto,Solaro 5 B,DESIO,22,236,3
421,PAA2 400 - Fabbricati (patrimonio indisponibile),via Solaro 5b box auto,box auto,Solaro 5 B,DESIO,22,236,4
422,PAA2 400 - Fabbricati (patrimonio indisponibile),via Solaro 5b box auto,box auto,Solaro 5 B,DESIO,22,236,5
423,PAA2 400 - Fabbricati (patrimonio indisponibile),via Solaro 5b box auto,box auto,Solaro 5 B,DESIO,22,236,6
424,PAA2 400 - Fabbricati (patrimonio indisponibile),via Solaro 5b box auto,box auto,Solaro 5 B,DESIO,22,236,7
425,PAA2 400 - Fabbricati (patrimonio indisponibile),via Solaro 5b box auto,box auto,Solaro 5 B,DESIO,22,236,8
426,PAA2 400 - Fabbricati (patrimonio indisponibile),via Solaro 5b abitazione,abitazione,Solaro 5 B,DESIO,22,235,1
427,PAA2 400 - Fabbricati (patrimonio indisponibile),via Solaro 5b abitazione,abitazione,Solaro 5 B,DESIO,22,235,2
428,PAA2 400 - Fabbricati (patrimonio indisponibile),via Solaro 5b abitazione,abitazione,Solaro 5 B,DESIO,22,235,3
429,PAA2 400 - Fabbricati (patrimonio indisponibile),via Solaro 5b abitazione,abitazione,Solaro 5 B,DESIO,22,235,4
430,PAA2 400 - Fabbricati (patrimonio indisponibile),via Solaro 5b abitazione,abitazione,Solaro 5 B,DESIO,22,235,5
431,PAA2 400 - Fabbricati (patrimonio indisponibile),via Solaro 5b abitazione,abitazione,Solaro 5 B,DESIO,22,235,6
432,PAA2 400 - Fabbricati (patrimonio indisponibile),via Solaro 5b abitazione,abitazione,Solaro 5 B,DESIO,22,235,7
433,PAA2 400 - Fabbricati (patrimonio indisponibile),via Solaro 5b abitazione,abitazione,Solaro 5 B,DESIO,22,235,8
434,PAA2 400 - Fabbricati (patrimonio indisponibile),via Solaro 5b abitazione,abitazione,Solaro 5 B,DESIO,22,235,9
435,PAA2 400 - Fabbricati (patrimonio indisponibile),via Solaro 5b abitazione,abitazione,Solaro 5 B,DESIO,22,235,10
436,PAA2 400 - Fabbricati (patrimonio indisponibile),via Solaro 5b abitazione,abitazione,Solaro 5 B,DESIO,22,235,11
437,PAA2 400 - Fabbricati (patrimonio indisponibile),via Solaro 5/b abitazione,abitazione,Solaro 5 B,DESIO,22,235,13
438,PAA2 400 - Fabbricati (patrimonio indisponibile),via Solaro 5/b abitazione,abitazione,Solaro 5 B,DESIO,22,235,14
439,PAA2 400 - Fabbricati (patrimonio indisponibile),via Solaro 5/b abitazione,abitazione,Solaro 5 B,DESIO,22,235,15
440,PAA2 400 - Fabbricati (patrimonio indisponibile),via Solaro 5/b abitazione,abitazione,Solaro 5 B,DESIO,22,235,16
441,PAA2 400 - Fabbricati (patrimonio indisponibile),via Solaro 5/b abitazione,abitazione,Solaro 5 B,DESIO,22,235,17
442,PAA2 400 - Fabbricati (patrimonio indisponibile),via Solaro 5/b abitazione,abitazione,Solaro 5 B,DESIO,22,235,18
443,PAA2 400 - Fabbricati (patrimonio indisponibile),via Solaro 5/a abitazione,abitazione,Solaro 5 A,DESIO,22,117,1
444,PAA2 400 - Fabbricati (patrimonio indisponibile),via Solaro 5/a abitazione,abitazione,Solaro 5 A,DESIO,22,117,2
445,PAA2 400 - Fabbricati (patrimonio indisponibile),via Solaro 5/a abitazione,abitazione,Solaro 5 A,DESIO,22,117,3
446,PAA2 400 - Fabbricati (patrimonio indisponibile),via Solaro 5/a abitazione,abitazione,Solaro 5 A,DESIO,22,117,7
447,PAA2 400 - Fabbricati (patrimonio indisponibile),via Solaro 5/a abitazione,abitazione,Solaro 5 A,DESIO,22,117,5
448,PAA2 400 - Fabbricati (patrimonio indisponibile),via Solaro 5/a abitazione,abitazione,Solaro 5 A,DESIO,22,117,6
449,PAA2 400 - Fabbricati (patrimonio indisponibile),via Solaro 5/a abitazione,abitazione,Solaro 5 A,DESIO,22,117,8
450,PAA2 400 - Fabbricati (patrimonio indisponibile),via Solaro 5/a abitazione,abitazione,Solaro 5 A,DESIO,22,117,9
451,PAA2 400 - Fabbricati (patrimonio indisponibile),via Solaro 5/a abitazione,abitazione,Solaro 5 A,DESIO,22,117,10
452,PAA2 400 - Fabbricati (patrimonio indisponibile),via Solaro 5/a abitazione,abitazione,Solaro 5 A,DESIO,22,117,11
453,PAA2 400 - Fabbricati (patrimonio indisponibile),via Solaro 5/a abitazione,abitazione,Solaro 5 A,DESIO,22,117,12
454,PAA2 400 - Fabbricati (patrimonio indisponibile),via Solaro 5/a abitazione,abitazione,Solaro 5 A,DESIO,22,117,13
455,PAA2 400 - Fabbricati (patrimonio indisponibile),via Solaro 5/a abitazione,abitazione,Solaro 5 A,DESIO,22,117,14
456,PAA2 400 - Fabbricati (patrimonio indisponibile),via Solaro 5/a abitazione,abitazione,Solaro 5 A,DESIO,22,117,15
457,PAA2 400 - Fabbricati (patrimonio indisponibile),via Solaro 5/a abitazione,abitazione,Solaro 5 A,DESIO,22,117,16
458,PAA2 400 - Fabbricati (patrimonio indisponibile),via Rosselli 6 box,box auto,Rosselli 6 ,DESIO,22,368,16
459,PAA2 400 - Fabbricati (patrimonio indisponibile),via Rosselli 6 box,box auto,Rosselli 6 ,DESIO,22,368,17
460,PAA2 400 - Fabbricati (patrimonio indisponibile),via Rosselli 6 box,box auto,Rosselli 6 ,DESIO,22,368,19
461,PAA2 400 - Fabbricati (patrimonio indisponibile),via Rosselli 6 box,box auto,Rosselli 6 ,DESIO,22,368,18
462,PAA2 400 - Fabbricati (patrimonio indisponibile),via Rosselli 6 box,box auto,Rosselli 6 ,DESIO,22,368,20
463,PAA2 400 - Fabbricati (patrimonio indisponibile),via Rosselli 6 box,box auto,Rosselli 6 ,DESIO,22,368,21
464,PAA2 400 - Fabbricati (patrimonio indisponibile),via Rosselli 6 box,box auto,Rosselli 6 ,DESIO,22,368,22
465,PAA2 400 - Fabbricati (patrimonio indisponibile),via Rosselli 6 box,box auto,Rosselli 6 ,DESIO,22,368,23
466,PAA2 400 - Fabbricati (patrimonio indisponibile),via Rosselli 6 box,box auto,Rosselli 6 ,DESIO,22,368,25
467,PAA2 400 - Fabbricati (patrimonio indisponibile),via Rosselli 6 box,box auto,Rosselli 6 ,DESIO,22,368,26
468,PAA2 400 - Fabbricati (patrimonio indisponibile),via Rosselli 6 box,box auto,Rosselli 6 ,DESIO,22,368,27
469,PAA2 400 - Fabbricati (patrimonio indisponibile),via Rosselli 6 box,box auto,Rosselli 6 ,DESIO,22,368,24
478,PAA2 400 - Fabbricati (patrimonio indisponibile),via Rosselli 6 abitazione,abitazione,Rosselli 6 ,DESIO,22,368,2
479,PAA2 400 - Fabbricati (patrimonio indisponibile),via Rosselli 6 abitazione,abitazione,Rosselli 6 ,DESIO,22,368,5
481,PAA2 400 - Fabbricati (patrimonio indisponibile),via Rosselli 6 abitazione,abitazione,Rosselli 6 ,DESIO,22,368,3
482,PAA2 400 - Fabbricati (patrimonio indisponibile),via Rosselli 6 abitazione,abitazione,Rosselli 6 ,DESIO,22,368,4
485,PAA2 400 - Fabbricati (patrimonio indisponibile),via Rosselli 6 abitazione,abitazione,Rosselli 6 ,DESIO,22,368,10
492,PAA2 400 - Fabbricati (patrimonio indisponibile),via Rosselli 6 abitazione,abitazione,Rosselli 6 ,DESIO,22,368,6
494,PAA2 400 - Fabbricati (patrimonio indisponibile),via Rosselli 6 abitazione,abitazione,Rosselli 6 ,DESIO,22,368,8
495,PAA2 400 - Fabbricati (patrimonio indisponibile),via Rosselli 6 abitazione,abitazione,Rosselli 6 ,DESIO,22,368,9
496,PAA2 400 - Fabbricati (patrimonio indisponibile),via Rosselli 6 abitazione,abitazione,Rosselli 6 ,DESIO,22,368,11
498,PAA2 400 - Fabbricati (patrimonio indisponibile),via Rosselli 6 abitazione,abitazione,Rosselli 6 ,DESIO,22,368,7
502,PAA2 400 - Fabbricati (patrimonio indisponibile),via Rosselli 6 abitazione,abitazione,Rosselli 6 ,DESIO,22,368,12
503,PAA2 400 - Fabbricati (patrimonio indisponibile),via Rosselli 6 abitazione,abitazione,Rosselli 6 ,DESIO,22,368,13
504,PAA2 400 - Fabbricati (patrimonio indisponibile),via Rosselli 6 abitazione,abitazione,Rosselli 6 ,DESIO,22,368,14
505,PAA2 400 - Fabbricati (patrimonio indisponibile),via Rosselli 6 abitazione,abitazione,Rosselli 6 ,DESIO,22,368,15
513,PAA2 400 - Fabbricati (patrimonio indisponibile),via Kolbe 1 box,box auto,Padre Kolbe 1 ,DESIO,20,128,25
514,PAA2 400 - Fabbricati (patrimonio indisponibile),via Kolbe 1 box,box auto,Padre Kolbe 1 ,DESIO,20,128,29
515,PAA2 400 - Fabbricati (patrimonio indisponibile),via Kolbe 1 abitazione,abitazione,Padre Kolbe 1 ,DESIO,20,128,13
516,PAA2 400 - Fabbricati (patrimonio indisponibile),via Kolbe 2 box,box auto,Padre Kolbe 2 ,DESIO,20,131,38
517,PAA2 400 - Fabbricati (patrimonio indisponibile),via Kolbe 2 box,box auto,Padre Kolbe 2 ,DESIO,20,131,39
518,PAA2 400 - Fabbricati (patrimonio indisponibile),via Kolbe 2 box,box auto,Padre Kolbe 2 ,DESIO,20,131,40
519,PAA2 400 - Fabbricati (patrimonio indisponibile),via Kolbe 2 box,box auto,Padre Kolbe 2 ,DESIO,20,131,44
520,PAA2 400 - Fabbricati (patrimonio indisponibile),via Kolbe 2 box,box auto,Padre Kolbe 2 ,DESIO,20,131,47
523,PAA2 400 - Fabbricati (patrimonio indisponibile),via Kolbe 2 box,box auto,Padre Kolbe 2 ,DESIO,20,131,49
525,PAA2 400 - Fabbricati (patrimonio indisponibile),via Kolbe 2 box,box auto,Padre Kolbe 2 ,DESIO,20,131,51
526,PAA2 400 - Fabbricati (patrimonio indisponibile),via Kolbe 2 abitazione,abitazione,Padre Kolbe 2 ,DESIO,20,131,17
534,PAA2 400 - Fabbricati (patrimonio indisponibile),via Kolbe 2 abitazione,abitazione,Padre Kolbe 2 ,DESIO,20,131,20
535,PAA2 400 - Fabbricati (patrimonio indisponibile),via Kolbe 2 abitazione,abitazione,Padre Kolbe 2 ,DESIO,20,131,23
536,PAA2 400 - Fabbricati (patrimonio indisponibile),via Kolbe 2 abitazione,abitazione,Padre Kolbe 2 ,DESIO,20,131,9
537,PAA2 400 - Fabbricati (patrimonio indisponibile),via Kolbe 2 abitazione,abitazione,Padre Kolbe 2 ,DESIO,20,131,13
538,PAA2 400 - Fabbricati (patrimonio indisponibile),via Kolbe 2 abitazione,abitazione,Padre Kolbe 2 ,DESIO,20,131,15
539,PAA2 400 - Fabbricati (patrimonio indisponibile),via Kolbe 4 abitazione,abitazione,Padre Kolbe 4 ,DESIO,20,131,26
540,PAA2 400 - Fabbricati (patrimonio indisponibile),via Kolbe 4 box,box auto,Padre Kolbe 4 ,DESIO,20,129,22
542,PAA2 400 - Fabbricati (patrimonio indisponibile),via Kolbe 4 box,box auto,Padre Kolbe 4 ,DESIO,20,130,28
544,PAA2 400 - Fabbricati (patrimonio indisponibile),via Kolbe 4 box,box auto,Padre Kolbe 4 ,DESIO,20,130,31
548,PAA2 400 - Fabbricati (patrimonio indisponibile),via Kolbe 4 box,box auto,Padre Kolbe 4 ,DESIO,20,130,33
549,PAA2 400 - Fabbricati (patrimonio indisponibile),via Kolbe 4 box,box auto,Padre Kolbe 4 ,DESIO,20,130,34
551,PAA2 400 - Fabbricati (patrimonio indisponibile),via Kolbe 4 box,box auto,Padre Kolbe 4 ,DESIO,20,130,38
552,PAA2 400 - Fabbricati (patrimonio indisponibile),via Kolbe 4 abitazione,abitazione,Padre Kolbe 4 ,DESIO,20,130,12
558,PAA2 400 - Fabbricati (patrimonio indisponibile),via Kolbe 4 abitazione,abitazione,Padre Kolbe 4 ,DESIO,20,130,3
559,PAA2 400 - Fabbricati (patrimonio indisponibile),via Kolbe 4 abitazione,abitazione,Padre Kolbe 4 ,DESIO,20,130,6
560,PAA2 400 - Fabbricati (patrimonio indisponibile),via Kolbe 4 abitazione,abitazione,Padre Kolbe 4 ,DESIO,20,129,9
561,PAA2 400 - Fabbricati (patrimonio indisponibile),via Kolbe 4 abitazione,abitazione,Padre Kolbe 4 ,DESIO,20,130,16
562,PAA2 400 - Fabbricati (patrimonio indisponibile),via Kolbe 5 box,box auto,Padre Kolbe 5 ,DESIO,20,126,78
563,PAA2 400 - Fabbricati (patrimonio indisponibile),via Kolbe 5 box,box auto,Padre Kolbe 5 ,DESIO,20,126,79
565,PAA2 400 - Fabbricati (patrimonio indisponibile),via Kolbe 5 box,box auto,Padre Kolbe 5 ,DESIO,20,126,81
566,PAA2 400 - Fabbricati (patrimonio indisponibile),via Kolbe 5 box,box auto,Padre Kolbe 5 ,DESIO,20,126,95
567,PAA2 400 - Fabbricati (patrimonio indisponibile),via Kolbe 5 abitazione,abitazione,Padre Kolbe 5 ,DESIO,20,126,4
568,PAA2 400 - Fabbricati (patrimonio indisponibile),via Kolbe 5 abitazione,abitazione,Padre Kolbe 5 ,DESIO,20,126,39
569,PAA2 400 - Fabbricati (patrimonio indisponibile),via Kolbe 5 abitazione,abitazione,Padre Kolbe 5 ,DESIO,20,126,35
571,PAA2 400 - Fabbricati (patrimonio indisponibile),via Kolbe 5 abitazione,abitazione,Padre Kolbe 5 ,DESIO,20,126,41
572,PAA2 400 - Fabbricati (patrimonio indisponibile),via Kolbe 5 abitazione,abitazione,Padre Kolbe 5 ,DESIO,20,126,43
573,PAA2 400 - Fabbricati (patrimonio indisponibile),via Kolbe 5 abitazione,abitazione,Padre Kolbe 5 ,DESIO,20,126,45
574,PAA2 400 - Fabbricati (patrimonio indisponibile),via Kolbe 7 box,box auto,Padre Kolbe 7 ,DESIO,20,125,38
575,PAA2 400 - Fabbricati (patrimonio indisponibile),via Kolbe 7 box,box auto,Padre Kolbe 7 ,DESIO,20,125,46
576,PAA2 400 - Fabbricati (patrimonio indisponibile),via Kolbe 7 box,box auto,Padre Kolbe 7 ,DESIO,20,125,47
577,PAA2 400 - Fabbricati (patrimonio indisponibile),via Kolbe 7 box,box auto,Padre Kolbe 7 ,DESIO,20,125,56
578,PAA2 400 - Fabbricati (patrimonio indisponibile),via Kolbe 7 box,box auto,Padre Kolbe 7 ,DESIO,20,125,58
579,PAA2 400 - Fabbricati (patrimonio indisponibile),via Kolbe 7 box,box auto,Padre Kolbe 7 ,DESIO,20,125,67
580,PAA2 400 - Fabbricati (patrimonio indisponibile),via Kolbe 7 abitazione,abitazione,Padre Kolbe 7 ,DESIO,20,125,21
581,PAA2 400 - Fabbricati (patrimonio indisponibile),via Kolbe 7 abitazione,abitazione,Padre Kolbe 7 ,DESIO,20,125,11
582,PAA2 400 - Fabbricati (patrimonio indisponibile),via Kolbe 7 abitazione,abitazione,Padre Kolbe 7 ,DESIO,20,125,27
583,PAA2 400 - Fabbricati (patrimonio indisponibile),via Kolbe 7 abitazione,abitazione,Padre Kolbe 7 ,DESIO,20,125,13
584,PAA2 400 - Fabbricati (patrimonio indisponibile),via Kolbe 7 abitazione,abitazione,Padre Kolbe 7 ,DESIO,20,125,18
585,PAA2 400 - Fabbricati (patrimonio indisponibile),via Kolbe 7 abitazione,abitazione,Padre Kolbe 7 ,DESIO,20,125,15
601,PAA2 400 - Fabbricati (patrimonio indisponibile),via Lampugnani abitazione ERP,abitazione ,Lampugnani  ,DESIO,39,29,39
605,PAA2 400 - Fabbricati (patrimonio indisponibile),via Lampugnani  abitazione ERP,abitazione ,Lampugnani  ,DESIO,39,29,43
622,PAA2 400 - Fabbricati (patrimonio indisponibile),"via Marx, 8 edificio ERP",sala riunioni,Marx Carlo 8 ,DESIO,22,27,6
623,PAA2 400 - Fabbricati (patrimonio indisponibile),"via Marx, 8 sala collettiva",sala collettiva,Marx Carlo 8 ,DESIO,22,27,7
624,PAA2 400 - Fabbricati (patrimonio indisponibile),"via Marx, 8 magazzino ricovero attrezzi",magazzino ricovero attrezzi,Marx Carlo 8 ,DESIO,22,27,8
625,PAA2 400 - Fabbricati (patrimonio indisponibile),"via Marx, 8 abitazione",abitazione,Marx Carlo 8 ,DESIO,22,27,9
626,PAA2 400 - Fabbricati (patrimonio indisponibile),"via Marx, 8 abitazione",abitazione,Marx Carlo 8 ,DESIO,22,27,10
627,PAA2 400 - Fabbricati (patrimonio indisponibile),"via Marx, 8 abitazione",abitazione,Marx Carlo 8 ,DESIO,22,27,11
628,PAA2 400 - Fabbricati (patrimonio indisponibile),"via Marx, 8 abitazione",abitazione,Marx Carlo 8 ,DESIO,22,27,12
629,PAA2 400 - Fabbricati (patrimonio indisponibile),"via Marx, 8 abitazione",abitazione,Marx Carlo 8 ,DESIO,22,27,14
630,PAA2 400 - Fabbricati (patrimonio indisponibile),"via Marx, 8 abitazione",abitazione,Marx Carlo 8 ,DESIO,22,27,13
631,PAA2 400 - Fabbricati (patrimonio indisponibile),"via Marx, 8 abitazione",abitazione,Marx Carlo 8 ,DESIO,22,27,16
632,PAA2 400 - Fabbricati (patrimonio indisponibile),"via Marx, 8 abitazione",abitazione,Marx Carlo 8 ,DESIO,22,27,15
637,PAA2 400 - Fabbricati (patrimonio indisponibile),"via Marx, 8 abitazione",abitazione,Marx Carlo 8 ,DESIO,22,27,17
638,PAA2 400 - Fabbricati (patrimonio indisponibile),"via Marx, 8 abitazione",abitazione,Marx Carlo 8 ,DESIO,22,27,18
639,PAA2 400 - Fabbricati (patrimonio indisponibile),"via Marx, 8 abitazione",abitazione,Marx Carlo 8 ,DESIO,22,27,19
640,PAA2 400 - Fabbricati (patrimonio indisponibile),"via Marx, 8 abitazione",abitazione,Marx Carlo 8 ,DESIO,22,27,20
641,PAA2 400 - Fabbricati (patrimonio indisponibile),"via Marx, 8 abitazione",abitaione,Marx Carlo 8 ,DESIO,22,27,21
642,PAA2 400 - Fabbricati (patrimonio indisponibile),"via Marx, 8 abitazione",abitazione,Marx Carlo 8 ,DESIO,22,27,22
643,PAA2 400 - Fabbricati (patrimonio indisponibile),"via Marx, 8 abitazione",abitazione,Marx Carlo 8 ,DESIO,22,27,23
644,PAA2 400 - Fabbricati (patrimonio indisponibile),"via Marx, 8 abitazione",abitazione,Marx Carlo 8 ,DESIO,22,27,24
645,PAA2 400 - Fabbricati (patrimonio indisponibile),"via Marx, 8 abitazione",abitazione,Marx Carlo 8 ,DESIO,22,27,25
646,PAA2 400 - Fabbricati (patrimonio indisponibile),"via Marx, 8 abitazione",abitazione,Marx Carlo 8 ,DESIO,22,27,26
647,PAA2 400 - Fabbricati (patrimonio indisponibile),"via Marx, 8 abitazione",abitazione,Marx Carlo 8 ,DESIO,22,27,27
648,PAA2 400 - Fabbricati (patrimonio indisponibile),"via Marx, 8 abitazione",abitazione,Marx Carlo 8 ,DESIO,22,27,28
649,PAA2 400 - Fabbricati (patrimonio indisponibile),"via Marx, 8 abitazione",abitazione,Marx Carlo 8 ,DESIO,22,27,29
650,PAA2 400 - Fabbricati (patrimonio indisponibile),"via Marx, 8 abitazione",abitazione,Marx Carlo 8 ,DESIO,22,27,30
651,PAA2 400 - Fabbricati (patrimonio indisponibile),"via Marx, 8 abitazione",abitazione,Marx Carlo 8 ,DESIO,22,27,32
652,PAA2 400 - Fabbricati (patrimonio indisponibile),"via Marx, 8 abitazione",abitazione,Marx Carlo 8 ,DESIO,22,27,31
654,PAA2 400 - Fabbricati (patrimonio indisponibile),"via Marx, 8 abitazione",abitazione,Marx Carlo 8 ,DESIO,22,27,33
655,PAA2 400 - Fabbricati (patrimonio indisponibile),"via Marx, 8 abitazione",abitazione,Marx Carlo 8 ,DESIO,22,27,34
656,PAA2 400 - Fabbricati (patrimonio indisponibile),"via Marx, 8 abitazione",abitazione,Marx Carlo 8 ,DESIO,22,27,35
657,PAA2 400 - Fabbricati (patrimonio indisponibile),"via Marx, 8 abitazione",abitazione,Marx Carlo 8 ,DESIO,22,27,36
658,PAA2 400 - Fabbricati (patrimonio indisponibile),"via Marx, 8 abitazione",abitazione,Marx Carlo 8 ,DESIO,22,27,37
660,PAA2 400 - Fabbricati (patrimonio indisponibile),"via Marx, 8 abitazione",abitazione,Marx Carlo 8 ,DESIO,22,27,38
661,PAA2 400 - Fabbricati (patrimonio indisponibile),"via Marx, 8 abitazione",abitazione,Marx Carlo 8 ,DESIO,22,27,39
662,PAA2 400 - Fabbricati (patrimonio indisponibile),"via Marx, 8 abitazione",abitazione,Marx Carlo 8 ,DESIO,22,27,41
663,PAA2 400 - Fabbricati (patrimonio indisponibile),"via Marx, 8 abitazione",abitazione,Marx Carlo 8 ,DESIO,22,27,40
665,PAA2 400 - Fabbricati (patrimonio indisponibile),"via Marx, 8 abitazione",abitazione,Marx Carlo 8 ,DESIO,22,27,43
666,PAA2 400 - Fabbricati (patrimonio indisponibile),"via Marx, 8 abitazione",abitazione,Marx Carlo 8 ,DESIO,22,27,42
667,PAA2 400 - Fabbricati (patrimonio indisponibile),"via Marx, 8 abitazione",abitazione,Marx Carlo 8 ,DESIO,22,27,44
710,PAA2 400 - Fabbricati (patrimonio indisponibile),"via Marx, 8 box auto",box auto,Marx Carlo 8 ,DESIO,22,27,70
711,PAA2 400 - Fabbricati (patrimonio indisponibile),"via Marx, 8 box auto",box auto,Marx Carlo 8 ,DESIO,22,27,61
712,PAA2 400 - Fabbricati (patrimonio indisponibile),"via Marx, 8 box auto",box auto,Marx Carlo 8 ,DESIO,22,27,62
713,PAA2 400 - Fabbricati (patrimonio indisponibile),"via Marx, 8 box auto",box auto,Marx Carlo 8 ,DESIO,22,27,63
714,PAA2 400 - Fabbricati (patrimonio indisponibile),"via Marx, 8 box auto",box auto,Marx Carlo 8 ,DESIO,22,27,64
715,PAA2 400 - Fabbricati (patrimonio indisponibile),"via Marx, 8 box auto",box auto,Marx Carlo 8 ,DESIO,22,27,65
716,PAA2 400 - Fabbricati (patrimonio indisponibile),"via Marx, 8 box auto",box auto,Marx Carlo 8 ,DESIO,22,27,66
717,PAA2 400 - Fabbricati (patrimonio indisponibile),"via Marx, 8 box auto",box auto,Marx Carlo 8 ,DESIO,22,27,67
718,PAA2 400 - Fabbricati (patrimonio indisponibile),"via Marx, 8 box auto",box auto,Marx Carlo 8 ,DESIO,22,27,68
719,PAA2 400 - Fabbricati (patrimonio indisponibile),"via Marx, 8 box auto",box auto,Marx Carlo 8 ,DESIO,22,27,69
720,PAA2 400 - Fabbricati (patrimonio indisponibile),"via Marx, 8 box auto",box auto,Marx Carlo 8 ,DESIO,22,27,71
721,PAA2 400 - Fabbricati (patrimonio indisponibile),"via Marx, 8 box auto",box auto,Marx Carlo 8 ,DESIO,22,27,72
722,PAA2 400 - Fabbricati (patrimonio indisponibile),"via Marx, 8 box auto",box auto,Marx Carlo 8 ,DESIO,22,27,73
723,PAA2 400 - Fabbricati (patrimonio indisponibile),"via Marx, 8 box auto",box auto,Marx Carlo 8 ,DESIO,22,27,74
724,PAA2 400 - Fabbricati (patrimonio indisponibile),"via Marx, 8 box auto",box auto,Marx Carlo 8 ,DESIO,22,27,75
725,PAA2 400 - Fabbricati (patrimonio indisponibile),"via Marx, 8 box auto",box auto,Marx Carlo 8 ,DESIO,22,27,76
726,PAA2 400 - Fabbricati (patrimonio indisponibile),"via Marx, 8 box auto",box auto,Marx Carlo 8 ,DESIO,22,27,77
727,PAA2 400 - Fabbricati (patrimonio indisponibile),"via Marx, 8 box auto",box auto,Marx Carlo 8 ,DESIO,22,27,78
728,PAA2 400 - Fabbricati (patrimonio indisponibile),"via Marx, 8 box auto",box auto,Marx Carlo 8 ,DESIO,22,27,79
729,PAA2 400 - Fabbricati (patrimonio indisponibile),"via Marx, 8 box auto",box auto,Marx Carlo 8 ,DESIO,22,27,81
730,PAA2 400 - Fabbricati (patrimonio indisponibile),"via Marx, 8 box auto",box auto,Marx Carlo 8 ,DESIO,22,27,80
731,PAA2 400 - Fabbricati (patrimonio indisponibile),"via Marx, 8 box auto",box auto,Marx Carlo 8 ,DESIO,22,27,82
732,PAA2 400 - Fabbricati (patrimonio indisponibile),"via Marx, 8 box auto",box auto,Marx Carlo 8 ,DESIO,22,27,83
734,PAA2 400 - Fabbricati (patrimonio indisponibile),"via Marx, 8 box auto",box auto,Marx Carlo 8 ,DESIO,22,27,84
735,PAA2 400 - Fabbricati (patrimonio indisponibile),"via Marx, 8 box auto",box auto,Marx Carlo 8 ,DESIO,22,27,85
736,PAA2 400 - Fabbricati (patrimonio indisponibile),"via Marx, 8 box auto",box auto,Marx Carlo 8 ,DESIO,22,27,86
737,PAA2 400 - Fabbricati (patrimonio indisponibile),"via Marx, 8 box auto",box auto,Marx Carlo 8 ,DESIO,22,27,87
738,PAA2 400 - Fabbricati (patrimonio indisponibile),"via Marx, 8 box auto",box auto,Marx Carlo 8 ,DESIO,22,27,88
739,PAA2 400 - Fabbricati (patrimonio indisponibile),"via Marx, 8 box auto",box auto,Marx Carlo 8 ,DESIO,22,27,89
740,PAA2 400 - Fabbricati (patrimonio indisponibile),"via Marx, 8 box auto",box auto,Marx Carlo 8 ,DESIO,22,27,90
741,PAA2 400 - Fabbricati (patrimonio indisponibile),scuola mesdia ex liceo classico ,aule ,Novara  ,DESIO,10,147,
742,PAA2 400 - Fabbricati (patrimonio indisponibile),P.zza Santa Maria scuola materna,scuola materna,Santa Maria  ,DESIO,38,116,
742,PAA2 400 - Fabbricati (patrimonio indisponibile),P.zza Santa Maria scuola materna,scuola materna,Santa Maria  ,DESIO,38,115,
742,PAA2 400 - Fabbricati (patrimonio indisponibile),P.zza Santa Maria scuola materna,scuola materna,Santa Maria  ,DESIO,38,114,
743,PAA2 400 - Fabbricati (patrimonio indisponibile),via San Pietro centro diurno anziani,sede associazioni,San Pietro 14 ,DESIO,38,7,H
744,PAA2 400 - Fabbricati (patrimonio indisponibile),via Gramsci - sala civica Carlo Levi,sala civica,Gramsci  ,DESIO,38,5,
745,PAA2 400 - Fabbricati (patrimonio indisponibile),via San Pietro - Palazzeto Aldo Moro,palazzetto dello sport,San Pietro  ,DESIO,38,49,
750,PAA2 400 - Fabbricati (patrimonio indisponibile),P.zza Don Giussani parcheggio interrato,parcheggio interrato ,Don Giussani  ,DESIO,23,406,
752,PAA2 400 - Fabbricati (patrimonio indisponibile),via Forlanini - centro cottura -,centro cottura ,Forlanini  ,DESIO,55,282,
752,PAA2 400 - Fabbricati (patrimonio indisponibile),via Forlanini - centro cottura -,centro cottura ,Forlanini  ,DESIO,55,122,
756,PAA2 400 - Fabbricati (patrimonio indisponibile),via Monte Rosa campo di calcio e spogliatoi,campo di calcio e spogliatoi,Monte Rosa  ,DESIO,,,
765,PAA2 400 - Fabbricati (patrimonio indisponibile),via Santa Liberata,centro socio educativo,Santa Liberata  ,DESIO,53,72,702
766,PAA2 400 - Fabbricati (patrimonio indisponibile),via Santa Liberata,box a servizio dell'immobilie ,Santa Liberata  ,DESIO,53,72,4
778,PAA2 400 - Fabbricati (patrimonio indisponibile),via Galli alloggio custode Tribunale,alloggio custode,Galli Guido  ,DESIO,23,302,2
944,PAA2 400 - Fabbricati (patrimonio indisponibile),"via A Volta, autosilo",autosilo ,Volta Alessandro  ,DESIO,,,
945,PAA2 400 - Fabbricati (patrimonio indisponibile),"via Mons Cattaneo, autosilo",autosilo,Mons. Cattaneo  ,DESIO,24,257,1
947,PAA2 400 - Fabbricati (patrimonio indisponibile),via Cavallieri Vittorio Veneto,campo bocce e struttura ricovero attrezzi,Cavalieri di Vittorio Veneto  ,DESIO,,,
954,PAA2 400 - Fabbricati (patrimonio indisponibile),via Lampugnani Biblioteca comunale,biblioteca,Lampugnani  ,DESIO,39,29,9
955,PAA2 400 - Fabbricati (patrimonio indisponibile),via Lampugnani ala ovest ex sede ufficio tecnico,ala ex sede ufficio Tecnico,Lampugnani  ,DESIO,39,29,9
956,PAA2 400 - Fabbricati (patrimonio indisponibile),sede degli uffici polizia locale,sede degli uffici polizia locale,Partigiani d'Italia  ,DESIO,38,347,
957,PAA2 400 - Fabbricati (patrimonio indisponibile),via Kolbe 7 box,box,Padre Kolbe 7 ,DESIO,20,125,41
961,PAA2 400 - Fabbricati (patrimonio indisponibile),box auto bene confiscato alla criminalità,box auto bene confiscato alla criminalità,Mulino Arese 31 ,DESIO,08,232,2
962,PAA2 400 - Fabbricati (patrimonio indisponibile),magazzino bene confiscato alla criminalità,magazzino bene confiscato alla criminalità,Mulino Arese 31 ,DESIO,08,232,1
963,PAA2 400 - Fabbricati (patrimonio indisponibile),abitazione non ristrutturata bene confiscato,abitazione non ristrutturata bene confiscato,Mulino Arese 31 ,DESIO,08,44,
964,PAA2 400 - Fabbricati (patrimonio indisponibile),via Fiume 1 - 3 edificio ERP,abitazione,Fiume  ,DESIO,24,92,702
965,PAA2 400 - Fabbricati (patrimonio indisponibile),via Solaro 5/a abitazione,abitazione,Solaro 5 A,DESIO,22,117,4
5,PAA2 500 - Fabbricati (patrimonio disponibile),edificio di via Olmetto 48,unità immobiliare posta in edificio a corte,Olmetto 48 ,DESIO,38,238,10
6,PAA2 500 - Fabbricati (patrimonio disponibile),edificio di via Olmetto 48,unità immobiliare posta in edificio a corte,Olmetto 48 ,DESIO,38,238,11
7,PAA2 500 - Fabbricati (patrimonio disponibile),edificio di via Olmetto 48,unità immobiliare posta in edificio a corte,Olmetto 48 ,DESIO,38,238,701
8,PAA2 500 - Fabbricati (patrimonio disponibile),edificio di via Olmetto 48,unità immobiliare posta in edificio a corte,Olmetto 48 ,DESIO,38,238,702
9,PAA2 500 - Fabbricati (patrimonio disponibile),edificio di via Olmetto 48,unità immobiliare posta in edificio a corte,Olmetto 48 ,DESIO,38,238,703
10,PAA2 500 - Fabbricati (patrimonio disponibile),edificio di via Olmetto 48,unità immobiliare posta in edificio a corte,Olmetto 48 ,DESIO,38,238,704
11,PAA2 500 - Fabbricati (patrimonio disponibile),edificio di via Olmetto 48,unità immobiliare posta in edificio a corte,Olmetto 48 ,DESIO,38,238,706
12,PAA2 500 - Fabbricati (patrimonio disponibile),edificio di via Olmetto 48,unità immobiliare posta in edificio a corte,Olmetto 48 ,DESIO,38,238,705
13,PAA2 500 - Fabbricati (patrimonio disponibile),edificio di via Olmetto 48,unità immobiliare posta in edificio a corte,Olmetto 48 ,DESIO,38,238,707
14,PAA2 500 - Fabbricati (patrimonio disponibile),edificio di via Olmetto 48,unità immobiliare posta in edificio a corte,Olmetto 48 ,DESIO,38,238,708
15,PAA2 500 - Fabbricati (patrimonio disponibile),edificio di via Olmetto 48,unità immobiliare posta in edificio a corte,Olmetto 48 ,DESIO,38,238,709
16,PAA2 500 - Fabbricati (patrimonio disponibile),edificio di via Olmetto 48,unità immobiliare posta in edificio a corte,Olmetto 48 ,DESIO,38,238,720
17,PAA2 500 - Fabbricati (patrimonio disponibile),edificio di via Olmetto 48,unità immobiliare posta in edificio a corte,Olmetto 48 ,DESIO,38,238,710
18,PAA2 500 - Fabbricati (patrimonio disponibile),edificio di via Olmetto 48,unità immobiliare posta in edificio a corte,Olmetto 48 ,DESIO,38,238,711
19,PAA2 500 - Fabbricati (patrimonio disponibile),edificio di via Olmetto 48,unità immobiliare posta in edificio a corte,Olmetto 48 ,DESIO,38,238,712
20,PAA2 500 - Fabbricati (patrimonio disponibile),edificio di via Olmetto 48,unità immobiliare posta in edificio a corte,Olmetto 48 ,DESIO,38,238,713
21,PAA2 500 - Fabbricati (patrimonio disponibile),edificio di via Olmetto 48,unità immobiliare posta in edificio a corte,Olmetto 48 ,DESIO,38,238,718
22,PAA2 500 - Fabbricati (patrimonio disponibile),edificio di via Olmetto 48,unità immobiliare posta in edificio a corte,Olmetto 48 ,DESIO,38,238,714
23,PAA2 500 - Fabbricati (patrimonio disponibile),edificio di via Olmetto 48,unità immobiliare posta in edificio a corte,Olmetto 48 ,DESIO,38,238,716
24,PAA2 500 - Fabbricati (patrimonio disponibile),edificio di via Olmetto 48,unità immobiliare posta in edificio a corte,Olmetto 48 ,DESIO,38,238,717
25,PAA2 500 - Fabbricati (patrimonio disponibile),edificio di via Olmetto 48,unità immobiliare posta in edificio a corte,Olmetto 48 ,DESIO,38,238,731
26,PAA2 500 - Fabbricati (patrimonio disponibile),edificio di via Olmetto 48,unità immobiliare posta in edificio a corte,Olmetto 48 ,DESIO,38,238,719
27,PAA2 500 - Fabbricati (patrimonio disponibile),edificio di via Olmetto 48,unità immobiliare posta in edificio a corte,Olmetto 48 ,DESIO,38,238,715
28,PAA2 500 - Fabbricati (patrimonio disponibile),edificio di via Olmetto 48,unità immobiliare posta in edificio a corte,Olmetto 48 ,DESIO,38,238,721
30,PAA2 500 - Fabbricati (patrimonio disponibile),edificio di via Olmetto 48,unità immobiliare posta in edificio a corte,Olmetto 48 ,DESIO,38,238,723
31,PAA2 500 - Fabbricati (patrimonio disponibile),edificio di via Olmetto 48,unità immobiliare posta in edificio a corte,Olmetto 48 ,DESIO,38,238,724
33,PAA2 500 - Fabbricati (patrimonio disponibile),edificio di via Olmetto 48,unità immobiliare posta in edificio a corte,Olmetto 48 ,DESIO,38,238,726
34,PAA2 500 - Fabbricati (patrimonio disponibile),edificio di via Olmetto 48,unità immobiliare posta in edificio a corte,Olmetto 48 ,DESIO,38,238,728
35,PAA2 500 - Fabbricati (patrimonio disponibile),edificio di via Olmetto 48,unità immobiliare posta in edificio a corte,Olmetto 48 ,DESIO,38,238,727
36,PAA2 500 - Fabbricati (patrimonio disponibile),edificio di via Olmetto 48,unità immobiliare posta in edificio a corte,Olmetto 48 ,DESIO,38,238,729
37,PAA2 500 - Fabbricati (patrimonio disponibile),edificio di via Olmetto 48,unità immobiliare posta in edificio a corte,Olmetto 48 ,DESIO,38,238,730
38,PAA2 500 - Fabbricati (patrimonio disponibile),edificio di via Olmetto 48,unità immobiliare posta in edificio a corte,Olmetto 48 ,DESIO,38,238,732
39,PAA2 500 - Fabbricati (patrimonio disponibile),edificio di via Olmetto 48,unità immobiliare posta in edificio a corte,Olmetto 48 ,DESIO,38,238,733
40,PAA2 500 - Fabbricati (patrimonio disponibile),edificio di via Olmetto 48,unità immobiliare posta in edificio a corte,Olmetto 48 ,DESIO,38,238,734
41,PAA2 500 - Fabbricati (patrimonio disponibile),edificio di via Olmetto 48,unità immobiliare posta in edificio a corte,Olmetto 48 ,DESIO,38,238,735
42,PAA2 500 - Fabbricati (patrimonio disponibile),edificio di via Olmetto 48,unità immobiliare posta in edificio a corte,Olmetto 48 ,DESIO,38,238,736
46,PAA2 500 - Fabbricati (patrimonio disponibile),edificio di via Olmetto 48,unità immobiliare posta in edificio a corte,Olmetto 48 ,DESIO,38,238,737
47,PAA2 500 - Fabbricati (patrimonio disponibile),edificio di via Olmetto 48,unità immobiliare posta in edificio a corte,Olmetto 48 ,DESIO,38,238,738
49,PAA2 500 - Fabbricati (patrimonio disponibile),edificio di via Olmetto 48,unità immobiliare posta in edificio a corte,Olmetto 48 ,DESIO,38,238,739
50,PAA2 500 - Fabbricati (patrimonio disponibile),edificio di via Olmetto 48,unità immobiliare posta in edificio a corte,Olmetto 48 ,DESIO,38,238,740
53,PAA2 500 - Fabbricati (patrimonio disponibile),via Matteotti 32,alloggio ex portineria ,Matteotti 32 ,DESIO,24,168,11
55,PAA2 500 - Fabbricati (patrimonio disponibile),via Matteotti 32,alloggio,Matteotti 32 ,DESIO,24,168,16
56,PAA2 500 - Fabbricati (patrimonio disponibile),via Matteotti 32,alloggio,Matteotti 32 ,DESIO,24,168,21
57,PAA2 500 - Fabbricati (patrimonio disponibile),via Matteotti 32,alloggio,Matteotti 32 ,DESIO,24,168,27
58,PAA2 500 - Fabbricati (patrimonio disponibile),via Matteotti 32,alloggio,Matteotti 32 ,DESIO,24,168,30
59,PAA2 500 - Fabbricati (patrimonio disponibile),via Matteotti 32,alloggio,Matteotti 32 ,DESIO,24,168,31
60,PAA2 500 - Fabbricati (patrimonio disponibile),via Matteotti 32,alloggio,Matteotti 32 ,DESIO,24,168,32
61,PAA2 500 - Fabbricati (patrimonio disponibile),abitazione via Garibaldi 99,alloggio,Garibaldi 99 ,DESIO,37,307,31
62,PAA2 500 - Fabbricati (patrimonio disponibile),abitazione via Garibaldi 99,alloggio,Garibaldi 99 ,DESIO,37,307,32
63,PAA2 500 - Fabbricati (patrimonio disponibile),abitazione via Garibaldi 99,alloggio,Garibaldi 99 ,DESIO,37,307,33
64,PAA2 500 - Fabbricati (patrimonio disponibile),abitazione via Garibaldi 99,alloggio,Garibaldi 99 ,DESIO,37,307,36
65,PAA2 500 - Fabbricati (patrimonio disponibile),abitazione via Garibaldi 99,alloggio,Garibaldi 99 ,DESIO,37,307,35
66,PAA2 500 - Fabbricati (patrimonio disponibile),via Garibaldi 99/101 box auto,box auto,Garibaldi 101 ,DESIO,37,310,38
67,PAA2 500 - Fabbricati (patrimonio disponibile),via Garibaldi 99/101 box auto,box auto,Garibaldi 101 ,DESIO,37,310,41
68,PAA2 500 - Fabbricati (patrimonio disponibile),via Garibaldi 99/101 box auto,box auto,Garibaldi 101 ,DESIO,37,310,42
69,PAA2 500 - Fabbricati (patrimonio disponibile),via Garibaldi 99/101 box auto,box auto,Garibaldi 101 ,DESIO,37,310,43
70,PAA2 500 - Fabbricati (patrimonio disponibile),via Garibaldi 99/101 box auto,box auto,Garibaldi 101 ,DESIO,37,310,45
71,PAA2 500 - Fabbricati (patrimonio disponibile),via Garibaldi 99/101 box auto,box auto,Garibaldi 101 ,DESIO,37,310,47
72,PAA2 500 - Fabbricati (patrimonio disponibile),via Garibaldi 99/101 box auto,box auto,Garibaldi 101 ,DESIO,37,310,50
73,PAA2 500 - Fabbricati (patrimonio disponibile),cantina via Garibaldi 99/101,cantina,Garibaldi 101 ,DESIO,37,310,503
74,PAA2 500 - Fabbricati (patrimonio disponibile),via Garibaldi 99/101 box auto,box auto,Garibaldi 101 ,DESIO,37,310,54
75,PAA2 500 - Fabbricati (patrimonio disponibile),box auto,box auto,Garibaldi 101 ,DESIO,37,310,55
76,PAA2 500 - Fabbricati (patrimonio disponibile),via Garibaldi 99/101 box auto,box auto,Garibaldi 101 ,DESIO,37,310,56
77,PAA2 500 - Fabbricati (patrimonio disponibile),via Garibaldi 99/101 box auto,box auto,Garibaldi 101 ,DESIO,37,310,57
78,PAA2 500 - Fabbricati (patrimonio disponibile),ufficio,sede associazioni,Garibaldi 101 ,DESIO,37,310,5
79,PAA2 500 - Fabbricati (patrimonio disponibile),alloggio  di via Garibaldi,alloggio ex portineria ,Garibaldi 101 ,DESIO,37,711,4
80,PAA2 500 - Fabbricati (patrimonio disponibile),abitazione,alloggio,Garibaldi 101 ,DESIO,37,310,7
81,PAA2 500 - Fabbricati (patrimonio disponibile),abitazione,alloggio,Garibaldi 101 ,DESIO,37,310,708
82,PAA2 500 - Fabbricati (patrimonio disponibile),abitazione,alloggio,Garibaldi 101 ,DESIO,37,310,10
83,PAA2 500 - Fabbricati (patrimonio disponibile),abitazione,alloggio,Garibaldi 101 ,DESIO,37,310,13
84,PAA2 500 - Fabbricati (patrimonio disponibile),abitazione,alloggio,Garibaldi 101 ,DESIO,37,310,9
85,PAA2 500 - Fabbricati (patrimonio disponibile),abitazione,alloggio,Garibaldi 101 ,DESIO,37,310,711
86,PAA2 500 - Fabbricati (patrimonio disponibile),abitazione,alloggio,Garibaldi 101 ,DESIO,37,310,17
87,PAA2 500 - Fabbricati (patrimonio disponibile),abitazione,alloggio,Garibaldi 101 ,DESIO,37,310,704
88,PAA2 500 - Fabbricati (patrimonio disponibile),abitazione,alloggio,Garibaldi 101 ,DESIO,37,310,706
89,PAA2 500 - Fabbricati (patrimonio disponibile),abitazione,alloggio,Garibaldi 101 ,DESIO,37,310,23
91,PAA2 500 - Fabbricati (patrimonio disponibile),abitazione,alloggio,Garibaldi 101 ,DESIO,37,310,25
93,PAA2 500 - Fabbricati (patrimonio disponibile),abitazione,alloggio,Garibaldi 101 ,DESIO,37,310,29
95,PAA2 500 - Fabbricati (patrimonio disponibile),abitazione,alloggio,Garibaldi 101 ,DESIO,37,310,30
97,PAA2 500 - Fabbricati (patrimonio disponibile),via Garibaldi 101 abitazione,alloggio,Garibaldi 101 ,DESIO,37,310,33
98,PAA2 500 - Fabbricati (patrimonio disponibile),abitazione,alloggio,Garibaldi 101 ,DESIO,37,310,710
100,PAA2 500 - Fabbricati (patrimonio disponibile),box auto,box auto,Mons. Cattaneo 17 ,DESIO,24,235,10
101,PAA2 500 - Fabbricati (patrimonio disponibile),box auto,box auto,Mons. Cattaneo 17 ,DESIO,24,235,11
102,PAA2 500 - Fabbricati (patrimonio disponibile),box auto,box auto,Mons. Cattaneo 17 ,DESIO,24,235,12
103,PAA2 500 - Fabbricati (patrimonio disponibile),box auto,box auto,Mons. Cattaneo 17 ,DESIO,24,235,7
104,PAA2 500 - Fabbricati (patrimonio disponibile),box auto,box auto,Mons. Cattaneo 17 ,DESIO,24,236,1
166,PAA2 500 - Fabbricati (patrimonio disponibile),via Lampugnani ,sede associazioni,Lampugnani  ,DESIO,39,29,38
167,PAA2 500 - Fabbricati (patrimonio disponibile),via Lampugnani  ,sede associazioni,Lampugnani  ,DESIO,39,29,37
168,PAA2 500 - Fabbricati (patrimonio disponibile),via Lampugnani ,sede associazioni,Lampugnani  ,DESIO,39,29,33
169,PAA2 500 - Fabbricati (patrimonio disponibile),via Lampugnani  ,sede associazioni,Lampugnani  ,DESIO,39,29,35
172,PAA2 500 - Fabbricati (patrimonio disponibile),via Lampugnani  ,sede associazioni,Lampugnani  ,DESIO,39,29,41
173,PAA2 500 - Fabbricati (patrimonio disponibile),via Lampugnani  ,sede associazioni,Lampugnani  ,DESIO,39,29,42
174,PAA2 500 - Fabbricati (patrimonio disponibile),via Lampugnani  ,sede associazioni,Lampugnani  ,DESIO,39,29,40
246,PAA2 500 - Fabbricati (patrimonio disponibile),VIA XXV Aprile 1/a,abitazione ,XXV Aprile  ,DESIO,27,175,102
248,PAA2 500 - Fabbricati (patrimonio disponibile),via XXV Aprile  1/a,box auto,XXV Aprile  ,DESIO,27,231,3
251,PAA2 500 - Fabbricati (patrimonio disponibile),via Forlanini 33 box nuda proprietà,box lascito ereditario nuda proprietà,Forlanini  ,DESIO,40,96,5
252,PAA2 500 - Fabbricati (patrimonio disponibile),via Lombardia - palazzina Cremonini,abitativo/servizi,Lombardia  ,DESIO,,,
253,PAA2 500 - Fabbricati (patrimonio disponibile),edificio polifunzionale  ,sede scolastica ,Lombardia  ,DESIO,26,198,
254,PAA2 500 - Fabbricati (patrimonio disponibile),via Oslavia Orti Urbani,ricovero attrezzi tettoia e servizi vari ,Oslavia  ,DESIO,,,
333,PAA2 500 - Fabbricati (patrimonio disponibile),via Garibaldi 257 ,capo bocce coperto,Garibaldi  ,DESIO,,,
334,PAA2 500 - Fabbricati (patrimonio disponibile),via Garibaldi 257 ,edificio adibito a sede associazione sportiva ,Garibaldi  ,DESIO,51,135,
334,PAA2 500 - Fabbricati (patrimonio disponibile),via Garibaldi 257 ,edificio adibito a sede associazione sportiva ,Garibaldi  ,DESIO,51,135,
334,PAA2 500 - Fabbricati (patrimonio disponibile),via Garibaldi 257 ,edificio adibito a sede associazione sportiva ,Garibaldi  ,DESIO,51,135,
334,PAA2 500 - Fabbricati (patrimonio disponibile),via Garibaldi 257 ,edificio adibito a sede associazione sportiva ,Garibaldi  ,DESIO,51,135,
366,PAA2 500 - Fabbricati (patrimonio disponibile),via Partigiani d'Italia ,quattro unità residenziali inserite nel complesso della Caserma,Partigiani d'Italia  ,DESIO,,,
367,PAA2 500 - Fabbricati (patrimonio disponibile),farmacia comunale via Garibaldi 257,farmacia comunale,Garibaldi 257 ,DESIO,50,39,5
368,PAA2 500 - Fabbricati (patrimonio disponibile),via Gramsci 6,palazzina sede attività di servizio al pubblico,Gramsci  ,DESIO,38,6,C
751,PAA2 500 - Fabbricati (patrimonio disponibile),tettoia via Carducci,tettoia edificio ex Gavazzi,Carducci  ,DESIO,25,136,
